Territory_ID,Sales,Sales_Change_Pct,Current_Reps,Required_Reps,Vacancies,Max_Vacancy_Days,Overall_Risk_Score,Severity
TERR_18,13741271.0,-49.98592346799743,,,,,60,Major
TERR_16,13694971.0,-53.670437349629466,1.0,1.0,0.0,0.0,60,Major
TERR_11,5882209.0,-73.25123667708128,,,,,60,Major
TERR_08,8865415.0,-71.59276174514623,,,,,60,Major
TERR_04,19046548.0,10.375048794034008,4.0,5.0,1.0,565.0,40,Major
TERR_03,33582810.0,68.64427126235242,1.0,2.0,1.0,320.0,40,Major
TERR_01,12472018.0,24.12784193827057,1.0,2.0,1.0,169.0,40,Major
TERR_10,12517068.0,82.57507788607302,,,,,0,Minor
TERR_02,14598321.0,37.379554385457396,,,,,0,Minor
TERR_06,14425583.0,5.084109783069999,,,,,0,Minor
TERR_19,19823008.0,81.71923395056245,1.0,1.0,0.0,0.0,0,Minor
TERR_05,14480492.0,-0.5267916625049168,1.0,1.0,0.0,0.0,0,Minor
TERR_07,17308994.0,107.14288364200135,,,,,0,Minor
TERR_12,8703093.0,15.16635955524532,,,,,0,Minor
TERR_14,9180188.0,-13.872048571417045,,,,,0,Minor
TERR_13,20811643.0,65.18040903885371,2.0,2.0,0.0,0.0,0,Minor
TERR_15,14006323.0,-11.323959231234571,,,,,0,Minor
TERR_17,14385645.0,4.444982033872636,2.0,2.0,0.0,0.0,0,Minor
TERR_09,26407059.0,104.67932300878164,,,,,0,Minor
TERR_20,12351502.0,37.007003922471675,,,,,0,Minor
