Date,Name_of_Sales_Rep,Sales,Quantity,Transactions,Customers,Products,Cities,Previous_Month_Sales,Sales_Change_Pct,Sales_Change_Flag
2017-01-01,Abigail Thompson,12314569.0,25061.0,312,225,176,225,,,Normal
2017-02-01,Abigail Thompson,11395787.0,34346.0,339,249,183,248,12314569.0,-7.460935092409649,Normal
2017-03-01,Abigail Thompson,15080253.0,39242.0,359,268,180,267,11395787.0,32.33182578789863,Major Increase
2017-04-01,Abigail Thompson,12852526.0,34672.0,328,231,175,230,15080253.0,-14.772477623551804,Normal
2017-05-01,Abigail Thompson,22478781.0,51748.0,385,267,200,267,12852526.0,74.89776717821852,Major Increase
2017-06-01,Abigail Thompson,26704180.0,49214.0,343,260,182,260,22478781.0,18.797278197603333,Normal
2017-07-01,Abigail Thompson,36596483.30669,79465.5512759,417,303,197,302,26704180.0,37.044025716910234,Major Increase
2017-08-01,Abigail Thompson,18883791.0,43714.0,404,273,190,272,36596483.30669,-48.39998466041692,Major Decline
2017-09-01,Abigail Thompson,24368689.0,75426.0,357,258,184,257,18883791.0,29.04553434212442,Normal
2017-10-01,Abigail Thompson,16305899.0,36677.0,362,263,185,262,24368689.0,-33.08667938599405,Major Decline
2017-11-01,Abigail Thompson,18884531.0,45263.0,417,295,204,295,16305899.0,15.814105067129386,Normal
2017-12-01,Abigail Thompson,11250031.0,30778.0,287,221,166,221,18884531.0,-40.42726822286452,Major Decline
2018-01-01,Abigail Thompson,28375060.0,58306.0,572,373,218,373,11250031.0,152.2220605436554,Major Increase
2018-02-01,Abigail Thompson,32199638.0,72968.0,630,416,220,416,28375060.0,13.478660485651837,Normal
2018-03-01,Abigail Thompson,39779125.0,83697.0,684,449,229,448,32199638.0,23.53904413459555,Normal
2018-04-01,Abigail Thompson,11890083.8,29580.2,530,375,209,375,39779125.0,-70.10974022178718,Major Decline
2018-05-01,Abigail Thompson,15840683.0,40595.0,635,403,221,403,11890083.8,33.22599963509087,Major Increase
2018-06-01,Abigail Thompson,42063431.0,103220.0,616,413,216,413,15840683.0,165.54051362558042,Major Increase
2018-07-01,Abigail Thompson,24417367.0,59952.0,618,419,221,418,42063431.0,-41.9510809757768,Major Decline
2018-08-01,Abigail Thompson,24513025.0,57502.0,588,379,214,379,24417367.0,0.3917621420851806,Normal
2018-09-01,Abigail Thompson,18479278.0,57433.0,532,375,213,375,24513025.0,-24.614452928596123,Normal
2018-10-01,Abigail Thompson,26103504.0,64638.0,772,474,233,474,18479278.0,41.258246128447226,Major Increase
2018-11-01,Abigail Thompson,27482499.0,68593.0,637,415,228,415,26103504.0,5.2827965165136455,Normal
2018-12-01,Abigail Thompson,13082721.0,28264.0,530,371,216,371,27482499.0,-52.39617401605291,Major Decline
2019-01-01,Abigail Thompson,9389280.0,19488.0,257,208,159,208,13082721.0,-28.231443596481192,Normal
2019-02-01,Abigail Thompson,14298810.0,33348.0,326,238,179,237,9389280.0,52.288673891927814,Major Increase
2019-03-01,Abigail Thompson,24927753.0,67428.0,401,279,196,278,14298810.0,74.33445860179974,Major Increase
2019-04-01,Abigail Thompson,31043713.0,56834.0,356,269,183,269,24927753.0,24.53474246154477,Normal
2019-05-01,Abigail Thompson,15720519.758213,34933.05056712,390,287,189,287,31043713.0,-49.36005316692304,Major Decline
2019-06-01,Abigail Thompson,14318477.0,35699.0,329,251,174,251,15720519.758213,-8.918552183877507,Normal
2019-07-01,Abigail Thompson,15222066.0,32136.0,361,267,179,267,14318477.0,6.310650217896778,Normal
2019-08-01,Abigail Thompson,17653241.0,43266.0,340,253,182,253,15222066.0,15.971386538463307,Normal
2019-09-01,Abigail Thompson,16617193.0,41845.0,318,242,169,241,17653241.0,-5.868882660130228,Normal
2019-10-01,Abigail Thompson,16882764.0,36056.0,326,245,182,245,16617193.0,1.5981700399098693,Normal
2019-11-01,Abigail Thompson,19160776.0,43766.0,305,231,178,229,16882764.0,13.493122334707753,Normal
2019-12-01,Abigail Thompson,16558825.0,46115.25,226,196,152,196,19160776.0,-13.57957005499151,Normal
2020-01-01,Abigail Thompson,14473366.0,37557.0,316,243,174,243,16558825.0,-12.594245062678059,Normal
2020-02-01,Abigail Thompson,10794569.0,25640.0,305,235,173,234,14473366.0,-25.417701728816915,Normal
2020-03-01,Abigail Thompson,20996185.0,47137.0,344,258,175,258,10794569.0,94.50693214337691,Major Increase
2020-04-01,Abigail Thompson,10216137.0,23947.0,227,193,153,193,20996185.0,-51.34288919629923,Major Decline
2020-05-01,Abigail Thompson,18040818.0,44738.0,310,236,176,236,10216137.0,76.5913867443242,Major Increase
2020-06-01,Abigail Thompson,13215988.0,33056.0,331,248,180,247,18040818.0,-26.743964713795126,Normal
2020-07-01,Abigail Thompson,40355781.0,80010.0,381,269,186,268,13215988.0,205.3557630348938,Major Increase
2020-08-01,Abigail Thompson,14255787.0,33182.0,343,266,173,265,40355781.0,-64.67473396190746,Major Decline
2020-09-01,Abigail Thompson,14260152.0,42011.0,389,277,195,277,14255787.0,0.030619144351693807,Normal
2020-10-01,Abigail Thompson,7867891.0,19030.0,265,212,152,212,14260152.0,-44.826036917418556,Major Decline
2020-11-01,Abigail Thompson,21046955.0,48626.0,436,301,203,299,7867891.0,167.50440492884306,Major Increase
2020-12-01,Abigail Thompson,52398012.0,105302.0,335,237,188,237,21046955.0,148.95768532787758,Major Increase
2017-01-01,Alan Ray,17035260.0,30411.0,316,234,177,234,,,Normal
2017-02-01,Alan Ray,22630217.0,50039.0,344,257,181,257,17035260.0,32.84339070844825,Major Increase
2017-03-01,Alan Ray,16146873.0,38271.0,377,274,203,274,22630217.0,-28.649058027150158,Normal
2017-04-01,Alan Ray,13287526.0,30824.0,339,252,181,251,16146873.0,-17.708363718473542,Normal
2017-05-01,Alan Ray,14497870.0,35175.0,404,292,205,292,13287526.0,9.108873992043364,Normal
2017-06-01,Alan Ray,20836775.0,44186.0,377,274,192,273,14497870.0,43.72300896614468,Major Increase
2017-07-01,Alan Ray,15222947.0,34797.0,404,287,198,287,20836775.0,-26.941923594222235,Normal
2017-08-01,Alan Ray,21462039.0,51021.0,445,308,206,308,15222947.0,40.98478435220198,Major Increase
2017-09-01,Alan Ray,21919261.0,49702.0,368,252,188,252,21462039.0,2.1303754037535763,Normal
2017-10-01,Alan Ray,14121163.0,38931.0,374,277,192,277,21919261.0,-35.57646400578925,Major Decline
2017-11-01,Alan Ray,17703993.0,45382.0,393,288,197,288,14121163.0,25.37206036075074,Normal
2017-12-01,Alan Ray,22123416.0,50311.0,277,207,174,207,17703993.0,24.962860073430893,Normal
2018-01-01,Alan Ray,11543496.0,36775.0,566,378,221,378,22123416.0,-47.82227120802682,Major Decline
2018-02-01,Alan Ray,19591964.2,43436.6,604,408,214,408,11543496.0,69.72296954059671,Major Increase
2018-03-01,Alan Ray,19372632.0,46417.0,647,421,223,420,19591964.2,-1.119500820647678,Normal
2018-04-01,Alan Ray,13629342.0,41225.0,506,372,209,372,19372632.0,-29.646410461934135,Normal
2018-05-01,Alan Ray,14298435.0,37635.0,571,393,218,393,13629342.0,4.909209850336135,Normal
2018-06-01,Alan Ray,29378437.0,68508.0,557,379,217,378,14298435.0,105.46610170973256,Major Increase
2018-07-01,Alan Ray,23703035.0,62403.0,654,420,225,418,29378437.0,-19.318257128519125,Normal
2018-08-01,Alan Ray,11615409.0,34190.0,575,386,220,386,23703035.0,-50.99611083559552,Major Decline
2018-09-01,Alan Ray,21867650.0,47930.0,573,372,222,371,11615409.0,88.26414119382278,Major Increase
2018-10-01,Alan Ray,30088268.0,73086.0,765,466,230,465,21867650.0,37.59259911330207,Major Increase
2018-11-01,Alan Ray,30141968.0,72680.0,683,432,226,431,30088268.0,0.17847487931176365,Normal
2018-12-01,Alan Ray,15142248.0,34585.0,507,348,213,348,30141968.0,-49.76357217285879,Major Decline
2019-01-01,Alan Ray,6970687.0,19889.0,289,226,165,226,15142248.0,-53.96530951018633,Major Decline
2019-02-01,Alan Ray,17539307.0,65409.0,364,269,181,267,6970687.0,151.6151851316807,Major Increase
2019-03-01,Alan Ray,22556248.0,52269.0,411,298,188,297,17539307.0,28.603986463091157,Normal
2019-04-01,Alan Ray,14773619.0,36017.0,354,258,181,258,22556248.0,-34.50320727099649,Major Decline
2019-05-01,Alan Ray,17311484.0,39436.0,351,262,191,261,14773619.0,17.178356907674416,Normal
2019-06-01,Alan Ray,11698203.0,33145.0,351,271,182,270,17311484.0,-32.42518665644147,Major Decline
2019-07-01,Alan Ray,17128045.0,35705.0,368,264,193,264,11698203.0,46.41603500982159,Major Increase
2019-08-01,Alan Ray,23406396.0,48722.0,328,248,172,247,17128045.0,36.655385947433,Major Increase
2019-09-01,Alan Ray,25076904.0,65471.0,331,255,187,254,23406396.0,7.136972304493182,Normal
2019-10-01,Alan Ray,10839118.0,24652.0,312,236,176,235,25076904.0,-56.77649043119517,Major Decline
2019-11-01,Alan Ray,18647134.0,52722.0,327,253,182,253,10839118.0,72.03552909009755,Major Increase
2019-12-01,Alan Ray,15544266.0,46394.0,250,207,155,207,18647134.0,-16.639919035279092,Normal
2020-01-01,Alan Ray,13850995.0,32007.0,284,217,164,217,15544266.0,-10.893219403219167,Normal
2020-02-01,Alan Ray,14709027.0,32952.0,312,244,174,244,13850995.0,6.194731858613768,Normal
2020-03-01,Alan Ray,16664861.0,44033.0,344,256,189,255,14709027.0,13.296827859517832,Normal
2020-04-01,Alan Ray,12033742.0,30530.0,232,193,148,193,16664861.0,-27.789724738778197,Normal
2020-05-01,Alan Ray,13055821.0,29049.0,269,218,156,218,12033742.0,8.49344285426761,Normal
2020-06-01,Alan Ray,12068189.0,29728.0,333,265,177,263,13055821.0,-7.5646870464906035,Normal
2020-07-01,Alan Ray,15426465.0,38519.0,350,259,188,257,12068189.0,27.827505850297836,Normal
2020-08-01,Alan Ray,11266821.0,33368.0,362,256,191,256,15426465.0,-26.964336936556755,Normal
2020-09-01,Alan Ray,26118486.0,55547.0,395,279,194,279,11266821.0,131.817706165741,Major Increase
2020-10-01,Alan Ray,15097568.0,30775.0,296,225,174,225,26118486.0,-42.195853159329374,Major Decline
2020-11-01,Alan Ray,20795980.0,54421.0,456,310,199,310,15097568.0,37.743906833206516,Major Increase
2020-12-01,Alan Ray,12693492.0,37400.0,316,249,170,248,20795980.0,-38.96179934775856,Major Decline
2017-01-01,Anne Wu,14817341.0,36611.0,286,230,170,229,,,Normal
2017-02-01,Anne Wu,13810023.0,31634.0,344,255,181,255,14817341.0,-6.798237281574339,Normal
2017-03-01,Anne Wu,18057321.0,47154.0,353,265,190,265,13810023.0,30.755184115189383,Major Increase
2017-04-01,Anne Wu,16028484.0,35341.0,297,228,169,228,18057321.0,-11.235537098775614,Normal
2017-05-01,Anne Wu,22748598.0,67737.0,391,285,189,284,16028484.0,41.92607360746032,Major Increase
2017-06-01,Anne Wu,19357770.0,45508.0,414,294,194,293,22748598.0,-14.905657043128548,Normal
2017-07-01,Anne Wu,21421404.5089,48013.5512759,446,306,204,306,19357770.0,10.66049709703133,Normal
2017-08-01,Anne Wu,16337980.0,38997.0,423,291,193,291,21421404.5089,-23.73058455055073,Normal
2017-09-01,Anne Wu,29493623.0,66982.0,366,259,197,259,16337980.0,80.52184541785459,Major Increase
2017-10-01,Anne Wu,20610668.0,47579.0,368,276,193,276,29493623.0,-30.118222505251392,Major Decline
2017-11-01,Anne Wu,32984448.0,61239.0,398,280,199,280,20610668.0,60.035802818229854,Major Increase
2017-12-01,Anne Wu,14500971.0,36266.0,305,228,176,227,32984448.0,-56.03694504755696,Major Decline
2018-01-01,Anne Wu,14587767.0,33353.0,598,372,223,372,14500971.0,0.5985530210356259,Normal
2018-02-01,Anne Wu,20065106.0,51254.0,606,405,224,404,14587767.0,37.54748070763675,Major Increase
2018-03-01,Anne Wu,43370483.0,94964.0,714,442,229,441,20065106.0,116.14878585739841,Major Increase
2018-04-01,Anne Wu,16143838.0,45372.0,524,367,220,366,43370483.0,-62.77690059389008,Major Decline
2018-05-01,Anne Wu,19384488.0,39734.0,558,382,218,382,16143838.0,20.073603315395015,Normal
2018-06-01,Anne Wu,23270218.0,60816.0,588,403,223,403,19384488.0,20.0455642676763,Normal
2018-07-01,Anne Wu,19795733.0,51358.0,634,420,223,420,23270218.0,-14.93103760351536,Normal
2018-08-01,Anne Wu,19028368.0,41617.0,614,391,212,391,19795733.0,-3.8764161953487655,Normal
2018-09-01,Anne Wu,25392151.0,48097.0,520,357,217,357,19028368.0,33.443661589895676,Major Increase
2018-10-01,Anne Wu,26324651.0,63870.0,736,461,232,461,25392151.0,3.672394670305797,Normal
2018-11-01,Anne Wu,22264385.0,59358.0,645,415,222,415,26324651.0,-15.423817014706101,Normal
2018-12-01,Anne Wu,9511704.0,22844.0,497,336,215,335,22264385.0,-57.27838878100607,Major Decline
2019-01-01,Anne Wu,6526321.0,20359.0,306,235,176,235,9511704.0,-31.38641614583465,Major Decline
2019-02-01,Anne Wu,20325738.0,54410.0,338,239,177,239,6526321.0,211.44251102573713,Major Increase
2019-03-01,Anne Wu,15660989.0,39602.0,433,300,195,299,20325738.0,-22.949961275698822,Normal
2019-04-01,Anne Wu,12967249.0,36089.0,320,252,177,252,15660989.0,-17.200318575027413,Normal
2019-05-01,Anne Wu,11510367.664681,27651.546791251,362,265,190,265,12967249.0,-11.235084136342252,Normal
2019-06-01,Anne Wu,14059110.0,37213.0,343,259,173,259,11510367.664681,22.14301410318708,Normal
2019-07-01,Anne Wu,14515823.0,35397.0,364,259,180,258,14059110.0,3.248519998776594,Normal
2019-08-01,Anne Wu,47331346.0,97037.0,376,277,187,277,14515823.0,226.0672577779434,Major Increase
2019-09-01,Anne Wu,11890461.0,34890.0,309,236,170,236,47331346.0,-74.87825298693174,Major Decline
2019-10-01,Anne Wu,10171699.0,28493.0,285,216,162,216,11890461.0,-14.454965202778933,Normal
2019-11-01,Anne Wu,14594599.0,38064.0,308,241,180,241,10171699.0,43.48241134543993,Major Increase
2019-12-01,Anne Wu,21618677.0,49322.0,241,192,154,192,14594599.0,48.127927324347866,Major Increase
2020-01-01,Anne Wu,10940571.0,30719.0,270,213,162,213,21618677.0,-49.392967016436764,Major Decline
2020-02-01,Anne Wu,16661942.0,37431.0,359,255,196,255,10940571.0,52.29499447515125,Major Increase
2020-03-01,Anne Wu,14038748.0,31911.0,315,236,171,236,16661942.0,-15.743627003382917,Normal
2020-04-01,Anne Wu,13094905.0,30666.0,230,195,147,194,14038748.0,-6.723128016828851,Normal
2020-05-01,Anne Wu,16649450.0,39884.0,300,234,175,234,13094905.0,27.144488638901926,Normal
2020-06-01,Anne Wu,12685942.0,39973.0,344,265,190,264,16649450.0,-23.805639225319755,Normal
2020-07-01,Anne Wu,23803440.0,52025.0,371,267,187,267,12685942.0,87.63636157251862,Major Increase
2020-08-01,Anne Wu,15532501.0,42701.0,319,244,173,244,23803440.0,-34.74682230803615,Major Decline
2020-09-01,Anne Wu,27397573.0,65189.0,423,305,190,305,15532501.0,76.38867687824388,Major Increase
2020-10-01,Anne Wu,18749798.0,48351.0,244,198,157,198,27397573.0,-31.56401846251126,Major Decline
2020-11-01,Anne Wu,29980609.0,96527.0,450,310,204,310,18749798.0,59.89830397106145,Major Increase
2020-12-01,Anne Wu,20152919.0,40506.0,328,251,182,251,29980609.0,-32.780154665970926,Major Decline
2017-01-01,Daniel Gates,14401576.0,32950.0,315,248,168,247,,,Normal
2017-02-01,Daniel Gates,13500698.0,40182.0,317,240,184,240,14401576.0,-6.255412602065219,Normal
2017-03-01,Daniel Gates,20399409.0,51536.0,353,248,179,248,13500698.0,51.0989209594941,Major Increase
2017-04-01,Daniel Gates,11096800.0,29867.0,294,222,165,222,20399409.0,-45.60234563658192,Major Decline
2017-05-01,Daniel Gates,11044943.0,30892.0,371,278,191,278,11096800.0,-0.4673149015932522,Normal
2017-06-01,Daniel Gates,17660842.0,46435.0,415,291,201,291,11044943.0,59.89980210853057,Major Increase
2017-07-01,Daniel Gates,19181384.0,53416.0,395,290,194,290,17660842.0,8.609680104719809,Normal
2017-08-01,Daniel Gates,19154084.0,42137.0,393,275,197,274,19181384.0,-0.1423254964292462,Normal
2017-09-01,Daniel Gates,18924762.0,52049.0,382,274,186,273,19154084.0,-1.197248586776585,Normal
2017-10-01,Daniel Gates,11880066.0,28279.0,346,254,186,253,18924762.0,-37.22475347378213,Major Decline
2017-11-01,Daniel Gates,11526973.0,29995.0,386,284,187,283,11880066.0,-2.972146787736701,Normal
2017-12-01,Daniel Gates,14035386.0,38262.0,290,221,173,221,11526973.0,21.761246426099895,Normal
2018-01-01,Daniel Gates,13770923.0,31770.0,563,378,221,377,14035386.0,-1.8842588297892198,Normal
2018-02-01,Daniel Gates,29091586.0,66011.0,620,418,224,418,13770923.0,111.25371189716186,Major Increase
2018-03-01,Daniel Gates,23645590.0,59230.0,689,418,229,418,29091586.0,-18.72017565491273,Normal
2018-04-01,Daniel Gates,27399814.0,82694.0,530,374,212,373,23645590.0,15.877057836154648,Normal
2018-05-01,Daniel Gates,21806735.0,58033.0,577,386,215,386,27399814.0,-20.412835649176305,Normal
2018-06-01,Daniel Gates,25588586.0,60691.0,577,393,212,393,21806735.0,17.342582463628784,Normal
2018-07-01,Daniel Gates,36291528.0,83162.0,617,416,217,415,25588586.0,41.827016154780885,Major Increase
2018-08-01,Daniel Gates,22274507.0,52698.0,622,408,220,408,36291528.0,-38.62339717412836,Major Decline
2018-09-01,Daniel Gates,14590219.0,35583.0,566,390,219,389,22274507.0,-34.49812828629607,Major Decline
2018-10-01,Daniel Gates,27881320.0,63551.0,774,456,228,454,14590219.0,91.09596641421214,Major Increase
2018-11-01,Daniel Gates,25206359.0,55255.0,650,422,226,422,27881320.0,-9.594097410022194,Normal
2018-12-01,Daniel Gates,15461529.0,33919.0,503,342,209,342,25206359.0,-38.6602047523008,Major Decline
2019-01-01,Daniel Gates,6138913.0,13393.0,265,213,159,212,15461529.0,-60.29556326544419,Major Decline
2019-02-01,Daniel Gates,27993912.0,83457.0,323,244,181,243,6138913.0,356.0076352279304,Major Increase
2019-03-01,Daniel Gates,22983929.0,60469.0,420,307,195,305,27993912.0,-17.896687679806952,Normal
2019-04-01,Daniel Gates,35199056.0,74758.0,360,261,187,261,22983929.0,53.14638328372838,Major Increase
2019-05-01,Daniel Gates,14927964.185934,37203.216080414,356,255,183,255,35199056.0,-57.58987347293064,Major Decline
2019-06-01,Daniel Gates,11695780.0,30346.0,379,275,188,274,14927964.185934,-21.651875270303453,Normal
2019-07-01,Daniel Gates,18598193.0,43592.0,382,282,190,282,11695780.0,59.01626911586915,Major Increase
2019-08-01,Daniel Gates,19036765.0,43009.0,328,241,177,241,18598193.0,2.3581430733620197,Normal
2019-09-01,Daniel Gates,21005314.0,51129.0,323,239,169,239,19036765.0,10.340774811266515,Normal
2019-10-01,Daniel Gates,8817515.0,19205.0,273,216,156,216,21005314.0,-58.02245565098432,Major Decline
2019-11-01,Daniel Gates,22580125.0,48489.0,283,224,170,224,8817515.0,156.08263779534258,Major Increase
2019-12-01,Daniel Gates,36386463.0,75374.0,241,194,154,194,22580125.0,61.143762490243084,Major Increase
2020-01-01,Daniel Gates,15251596.0,31069.0,292,225,173,225,36386463.0,-58.08442277008348,Major Decline
2020-02-01,Daniel Gates,13738632.0,37157.0,344,254,175,253,15251596.0,-9.920037221022639,Normal
2020-03-01,Daniel Gates,19244478.0,55613.0,352,250,187,249,13738632.0,40.07564945330802,Major Increase
2020-04-01,Daniel Gates,10096709.0,20550.0,233,194,147,194,19244478.0,-47.534513536818196,Major Decline
2020-05-01,Daniel Gates,26199343.0,55654.0,305,248,173,247,10096709.0,159.48398631672953,Major Increase
2020-06-01,Daniel Gates,26288501.0,67972.0,359,263,190,263,26199343.0,0.3403062435573289,Normal
2020-07-01,Daniel Gates,16442819.0,36343.0,345,255,186,255,26288501.0,-37.452428345001486,Major Decline
2020-08-01,Daniel Gates,23276624.0,58590.0,299,225,177,225,16442819.0,41.56103038049619,Major Increase
2020-09-01,Daniel Gates,20063332.0,48574.0,399,289,190,288,23276624.0,-13.804802620861171,Normal
2020-10-01,Daniel Gates,6676694.0,23281.0,250,203,155,202,20063332.0,-66.72190840484522,Major Decline
2020-11-01,Daniel Gates,34780064.0,68447.0,423,292,199,292,6676694.0,420.9174480663634,Major Increase
2020-12-01,Daniel Gates,27420295.0,68205.0,360,272,190,271,34780064.0,-21.160884005273825,Normal
2017-01-01,Erica Jones,10935589.0,24278.0,305,234,163,233,,,Normal
2017-02-01,Erica Jones,16364825.0,38063.0,355,259,184,259,10935589.0,49.64740353720316,Major Increase
2017-03-01,Erica Jones,16560457.0,43563.0,378,275,193,275,16364825.0,1.1954420533064056,Normal
2017-04-01,Erica Jones,14778098.0,33687.0,302,238,179,237,16560457.0,-10.762740424373554,Normal
2017-05-01,Erica Jones,24034581.0,52671.0,412,299,192,299,14778098.0,62.63649760611955,Major Increase
2017-06-01,Erica Jones,13682886.0,37541.0,360,265,187,265,24034581.0,-43.07000400797501,Major Decline
2017-07-01,Erica Jones,12775455.0,31439.0,403,272,196,272,13682886.0,-6.63186845231335,Normal
2017-08-01,Erica Jones,21209296.0,47952.0,405,301,198,301,12775455.0,66.01597359937473,Major Increase
2017-09-01,Erica Jones,17115076.0,36317.0,348,262,183,262,21209296.0,-19.30389391519643,Normal
2017-10-01,Erica Jones,13352940.0,33704.0,394,269,195,269,17115076.0,-21.981415682875145,Normal
2017-11-01,Erica Jones,13437353.0,36512.0,370,274,191,273,13352940.0,0.6321678971073037,Normal
2017-12-01,Erica Jones,29291544.0,74740.0,308,242,180,241,13437353.0,117.98596792091418,Major Increase
2018-01-01,Erica Jones,22130141.0,52413.0,581,386,220,386,29291544.0,-24.44870437693554,Normal
2018-02-01,Erica Jones,22731712.0,56716.0,624,417,218,417,22130141.0,2.718333335517383,Normal
2018-03-01,Erica Jones,36161887.0,82817.0,650,434,230,433,22731712.0,59.081229781549226,Major Increase
2018-04-01,Erica Jones,15026990.0,49207.0,556,380,213,380,36161887.0,-58.44522715310736,Major Decline
2018-05-01,Erica Jones,22218436.0,50105.0,591,389,222,389,15026990.0,47.8568628847161,Major Increase
2018-06-01,Erica Jones,22075962.0,72568.0,608,416,210,416,22218436.0,-0.6412422548553822,Normal
2018-07-01,Erica Jones,19155384.0,44316.0,598,402,224,401,22075962.0,-13.229674883477333,Normal
2018-08-01,Erica Jones,19182130.0,55000.0,581,378,210,378,19155384.0,0.1396265405068361,Normal
2018-09-01,Erica Jones,20825344.0,48549.0,547,388,213,386,19182130.0,8.566379229001159,Normal
2018-10-01,Erica Jones,25989854.0,59307.0,746,470,229,470,20825344.0,24.799158179571968,Normal
2018-11-01,Erica Jones,24095218.0,74063.0,639,419,218,419,25989854.0,-7.289906284198441,Normal
2018-12-01,Erica Jones,18013990.0,43189.0,506,354,215,354,24095218.0,-25.238319072274006,Normal
2019-01-01,Erica Jones,4283482.0,11584.0,274,217,170,216,18013990.0,-76.22135906592598,Major Decline
2019-02-01,Erica Jones,26569377.0,53037.0,346,248,188,248,4283482.0,520.2752106814036,Major Increase
2019-03-01,Erica Jones,27677617.0,55441.0,394,286,196,285,26569377.0,4.171117749580654,Normal
2019-04-01,Erica Jones,11436929.0,26872.0,358,254,186,254,27677617.0,-58.67805743536375,Major Decline
2019-05-01,Erica Jones,15587147.0,30677.0,337,249,189,248,11436929.0,36.287870633803884,Major Increase
2019-06-01,Erica Jones,12692259.0,34772.0,353,265,182,265,15587147.0,-18.572276247859858,Normal
2019-07-01,Erica Jones,18503426.0,50293.0,372,265,188,263,12692259.0,45.785127769611385,Major Increase
2019-08-01,Erica Jones,14282917.0,38856.0,324,247,182,246,18503426.0,-22.8093381193299,Normal
2019-09-01,Erica Jones,17186262.0,41049.0,325,241,176,241,14282917.0,20.32739530727512,Normal
2019-10-01,Erica Jones,19094596.0,45570.0,312,239,177,239,17186262.0,11.10383398088543,Normal
2019-11-01,Erica Jones,25616311.0,51012.0,312,240,181,239,19094596.0,34.15476818676865,Major Increase
2019-12-01,Erica Jones,14293403.0,36709.0,236,195,149,195,25616311.0,-44.20194617406074,Major Decline
2020-01-01,Erica Jones,10321575.0,25571.0,257,203,162,203,14293403.0,-27.787840306468652,Normal
2020-02-01,Erica Jones,18706996.0,43455.0,337,257,188,255,10321575.0,81.2416806543575,Major Increase
2020-03-01,Erica Jones,20452555.0,47374.0,327,247,175,246,18706996.0,9.331049196781782,Normal
2020-04-01,Erica Jones,8898758.0,20881.0,223,186,154,186,20452555.0,-56.49072695318507,Major Decline
2020-05-01,Erica Jones,12698328.0,32010.0,321,233,192,233,8898758.0,42.697756248680996,Major Increase
2020-06-01,Erica Jones,15845042.0,43746.0,339,252,176,252,12698328.0,24.7805380361887,Normal
2020-07-01,Erica Jones,22231480.0,50000.0,341,254,181,254,15845042.0,40.30559212149769,Major Increase
2020-08-01,Erica Jones,19058913.0,47976.0,363,263,181,262,22231480.0,-14.270606365388181,Normal
2020-09-01,Erica Jones,13641987.0,38048.0,374,262,198,262,19058913.0,-28.422009167049563,Normal
2020-10-01,Erica Jones,9843023.0,35050.0,291,225,180,225,13641987.0,-27.84758554600587,Normal
2020-11-01,Erica Jones,19342376.0,46584.0,429,299,196,297,9843023.0,96.50849134457981,Major Increase
2020-12-01,Erica Jones,21961155.0,52192.0,358,253,188,252,19342376.0,13.539076068007363,Normal
2017-01-01,Jessica Smith,12471231.0,29650.0,309,234,175,233,,,Normal
2017-02-01,Jessica Smith,17554306.0,45200.0,321,247,181,247,12471231.0,40.7584062872382,Major Increase
2017-03-01,Jessica Smith,14161138.0,37580.0,393,287,196,287,17554306.0,-19.329547975294496,Normal
2017-04-01,Jessica Smith,13113348.0,33251.0,318,254,174,254,14161138.0,-7.399052251309181,Normal
2017-05-01,Jessica Smith,16075825.0,55018.0,368,276,191,276,13113348.0,22.59130925222148,Normal
2017-06-01,Jessica Smith,14678856.0,33435.0,382,270,194,269,16075825.0,-8.689874392138506,Normal
2017-07-01,Jessica Smith,18182284.0,40132.0,382,270,194,268,14678856.0,23.867173300153635,Normal
2017-08-01,Jessica Smith,21810012.0,45423.0,379,265,199,265,18182284.0,19.951992829943695,Normal
2017-09-01,Jessica Smith,20359718.0,56325.0,367,264,180,264,21810012.0,-6.649670802565353,Normal
2017-10-01,Jessica Smith,16640285.0,48503.0,373,274,191,273,20359718.0,-18.26858800303619,Normal
2017-11-01,Jessica Smith,32338210.0,64602.0,410,284,195,282,16640285.0,94.33687584076836,Major Increase
2017-12-01,Jessica Smith,20146156.0,46657.0,288,231,162,230,32338210.0,-37.701697156397955,Major Decline
2018-01-01,Jessica Smith,30751285.0,68715.0,531,360,216,359,20146156.0,52.64095542593833,Major Increase
2018-02-01,Jessica Smith,18568696.0,47405.0,627,415,223,414,30751285.0,-39.61652009013607,Major Decline
2018-03-01,Jessica Smith,21528855.0,47682.0,661,427,228,426,18568696.0,15.941663324123567,Normal
2018-04-01,Jessica Smith,20445372.0,47725.0,594,407,220,407,21528855.0,-5.032701460435309,Normal
2018-05-01,Jessica Smith,15748304.0,45168.0,576,392,216,392,20445372.0,-22.973746821530074,Normal
2018-06-01,Jessica Smith,33576603.0,70705.0,607,404,216,404,15748304.0,113.20773970327218,Major Increase
2018-07-01,Jessica Smith,31577589.0,66971.0,690,443,224,442,33576603.0,-5.953592148675671,Normal
2018-08-01,Jessica Smith,28686960.0,55423.0,599,390,221,390,31577589.0,-9.15405226155803,Normal
2018-09-01,Jessica Smith,17659401.0,42262.0,568,380,217,380,28686960.0,-38.44101640606045,Major Decline
2018-10-01,Jessica Smith,23137707.0,54735.0,773,462,227,460,17659401.0,31.022037497194837,Major Increase
2018-11-01,Jessica Smith,13870029.0,27691.0,656,411,220,411,23137707.0,-40.05443581768928,Major Decline
2018-12-01,Jessica Smith,25266417.0,71293.0,534,360,213,359,13870029.0,82.16556720970087,Major Increase
2019-01-01,Jessica Smith,7080773.0,16218.0,304,235,177,235,25266417.0,-71.97555553682186,Major Decline
2019-02-01,Jessica Smith,18209497.0,53306.0,331,251,170,251,7080773.0,157.16820748243165,Major Increase
2019-03-01,Jessica Smith,27223007.0,53602.0,398,279,194,279,18209497.0,49.49895101440748,Major Increase
2019-04-01,Jessica Smith,15750276.0,33160.0,325,237,176,236,27223007.0,-42.14351118522652,Major Decline
2019-05-01,Jessica Smith,15538527.202429,40746.465587045,389,276,199,274,15750276.0,-1.3444132507328743,Normal
2019-06-01,Jessica Smith,26384017.8,55331.69,364,263,178,262,15538527.202429,69.79741680971941,Major Increase
2019-07-01,Jessica Smith,10903440.0,33071.0,373,266,188,266,26384017.8,-58.674072756272935,Major Decline
2019-08-01,Jessica Smith,36126171.0,133025.0,346,248,186,248,10903440.0,231.32819550527174,Major Increase
2019-09-01,Jessica Smith,14145239.0,29860.0,319,241,176,241,36126171.0,-60.84489828717248,Major Decline
2019-10-01,Jessica Smith,17293803.0,37193.0,310,239,167,239,14145239.0,22.258825036466334,Normal
2019-11-01,Jessica Smith,24405424.0,57716.0,306,231,172,231,17293803.0,41.122366202506186,Major Increase
2019-12-01,Jessica Smith,11373748.0,33297.0,227,193,156,193,24405424.0,-53.396638386614384,Major Decline
2020-01-01,Jessica Smith,9810569.0,24900.0,263,226,154,225,11373748.0,-13.743745685239379,Normal
2020-02-01,Jessica Smith,14087165.0,31863.0,304,232,170,231,9810569.0,43.59172235575735,Major Increase
2020-03-01,Jessica Smith,15218172.0,39948.0,358,271,186,269,14087165.0,8.028634576225947,Normal
2020-04-01,Jessica Smith,8292355.0,21434.0,244,199,146,198,15218172.0,-45.510176912181045,Major Decline
2020-05-01,Jessica Smith,11771977.0,27598.0,291,223,169,222,8292355.0,41.961806989691105,Major Increase
2020-06-01,Jessica Smith,12730086.0,33974.0,342,255,183,255,11771977.0,8.138896295838837,Normal
2020-07-01,Jessica Smith,16201631.0,35477.0,358,258,187,258,12730086.0,27.27039707351545,Normal
2020-08-01,Jessica Smith,10958143.0,31308.0,353,270,193,270,16201631.0,-32.36395150587,Major Decline
2020-09-01,Jessica Smith,12617510.0,27947.0,414,301,196,300,10958143.0,15.14277555969109,Normal
2020-10-01,Jessica Smith,8782015.0,23578.0,277,221,162,221,12617510.0,-30.398192670344628,Major Decline
2020-11-01,Jessica Smith,19283669.0,47001.0,399,291,192,290,8782015.0,119.58137170114146,Major Increase
2020-12-01,Jessica Smith,19161817.0,40292.0,321,249,179,249,19283669.0,-0.6318921985230093,Normal
2017-01-01,Jimmy Grey,14533724.0,31147.0,317,245,166,244,,,Normal
2017-02-01,Jimmy Grey,18179778.0,49565.0,397,277,197,277,14533724.0,25.086853169910206,Normal
2017-03-01,Jimmy Grey,11746657.0,29106.0,317,236,183,236,18179778.0,-35.38613617834057,Major Decline
2017-04-01,Jimmy Grey,13517532.0,29992.0,303,235,173,235,11746657.0,15.075565754580216,Normal
2017-05-01,Jimmy Grey,16551670.0,52180.0,387,287,187,287,13517532.0,22.445946493783037,Normal
2017-06-01,Jimmy Grey,23709021.0,56679.0,408,288,198,288,16551670.0,43.242470397246926,Major Increase
2017-07-01,Jimmy Grey,15185835.0,37865.0,403,283,184,282,23709021.0,-35.94912670582222,Major Decline
2017-08-01,Jimmy Grey,13075110.0,34210.0,401,288,190,288,15185835.0,-13.899301553059152,Normal
2017-09-01,Jimmy Grey,15341882.0,42924.0,373,267,180,267,13075110.0,17.33654248415501,Normal
2017-10-01,Jimmy Grey,12830018.0,34742.0,336,249,184,249,15341882.0,-16.37259366223779,Normal
2017-11-01,Jimmy Grey,15368478.0,39722.0,415,301,197,300,12830018.0,19.78531908528889,Normal
2017-12-01,Jimmy Grey,19569397.0,40401.0,293,234,176,234,15368478.0,27.33464562984051,Normal
2018-01-01,Jimmy Grey,16709430.0,41674.0,583,386,219,386,19569397.0,-14.614487099423656,Normal
2018-02-01,Jimmy Grey,17801369.0,41203.0,595,390,219,390,16709430.0,6.534866838665352,Normal
2018-03-01,Jimmy Grey,26699800.0,58725.0,679,435,227,434,17801369.0,49.987340861256236,Major Increase
2018-04-01,Jimmy Grey,29758198.0,63456.0,530,383,211,382,26699800.0,11.45475996074877,Normal
2018-05-01,Jimmy Grey,14828214.0,35131.0,531,384,218,383,29758198.0,-50.170994896935625,Major Decline
2018-06-01,Jimmy Grey,49287965.0,105321.0,617,410,226,410,14828214.0,232.39313244332732,Major Increase
2018-07-01,Jimmy Grey,22077747.0,50537.0,638,426,221,426,49287965.0,-55.20661686884415,Major Decline
2018-08-01,Jimmy Grey,17524863.0,38262.0,589,386,213,386,22077747.0,-20.62204988579677,Normal
2018-09-01,Jimmy Grey,33065553.0,72068.0,539,370,213,369,17524863.0,88.67795428700356,Major Increase
2018-10-01,Jimmy Grey,29530873.0,67197.0,775,475,229,474,33065553.0,-10.689916481965385,Normal
2018-11-01,Jimmy Grey,16431727.0,43761.0,674,425,224,423,29530873.0,-44.35746278140846,Major Decline
2018-12-01,Jimmy Grey,15490491.0,45510.0,515,347,218,347,16431727.0,-5.728162353232865,Normal
2019-01-01,Jimmy Grey,4836314.0,13301.0,253,208,163,208,15490491.0,-68.7788205034947,Major Decline
2019-02-01,Jimmy Grey,40163923.0,76022.0,328,244,172,244,4836314.0,730.4655777106284,Major Increase
2019-03-01,Jimmy Grey,31459877.0,61949.0,391,276,198,276,40163923.0,-21.67130436934659,Normal
2019-04-01,Jimmy Grey,17475036.0,40525.0,347,260,182,260,31459877.0,-44.45294239389429,Major Decline
2019-05-01,Jimmy Grey,14175792.96515,34139.81643029,376,280,193,280,17475036.0,-18.879749574478698,Normal
2019-06-01,Jimmy Grey,22354948.0,53584.0,385,274,193,274,14175792.96515,57.69804239493175,Major Increase
2019-07-01,Jimmy Grey,11064896.0,26644.0,394,285,195,285,22354948.0,-50.503593208984434,Major Decline
2019-08-01,Jimmy Grey,85075616.0,143505.0,331,236,167,235,11064896.0,668.8785868389544,Major Increase
2019-09-01,Jimmy Grey,32164168.0,87101.0,345,247,177,247,85075616.0,-62.19343507310015,Major Decline
2019-10-01,Jimmy Grey,16153737.0,39843.0,321,241,177,240,32164168.0,-49.77722725487567,Major Decline
2019-11-01,Jimmy Grey,19707565.0,50203.0,284,227,153,227,16153737.0,22.0000362764356,Normal
2019-12-01,Jimmy Grey,15919177.979592,35283.91836735,269,211,162,210,19707565.0,-19.223009135872445,Normal
2020-01-01,Jimmy Grey,9147492.0,20946.0,249,200,149,200,15919177.979592,-42.53791237382443,Major Decline
2020-02-01,Jimmy Grey,14078634.0,37518.0,302,239,180,239,9147492.0,53.907038125860076,Major Increase
2020-03-01,Jimmy Grey,14224685.0,34473.0,327,256,185,255,14078634.0,1.0373946790576416,Normal
2020-04-01,Jimmy Grey,12660825.0,29649.0,227,184,144,184,14224685.0,-10.99398686157198,Normal
2020-05-01,Jimmy Grey,13076504.0,35332.0,322,247,183,247,12660825.0,3.2831904713950317,Normal
2020-06-01,Jimmy Grey,23850173.0,67240.0,317,237,170,236,13076504.0,82.38952093005898,Major Increase
2020-07-01,Jimmy Grey,16226926.0,41391.0,306,231,169,231,23850173.0,-31.963067940848898,Major Decline
2020-08-01,Jimmy Grey,18529664.0,42135.0,353,272,194,272,16226926.0,14.190845511959566,Normal
2020-09-01,Jimmy Grey,12173561.0,36687.0,414,294,203,294,18529664.0,-34.30231114822158,Major Decline
2020-10-01,Jimmy Grey,10207966.0,26546.0,242,201,160,201,12173561.0,-16.14642584860749,Normal
2020-11-01,Jimmy Grey,32577395.0,70082.0,455,315,202,314,10207966.0,219.13698576190396,Major Increase
2020-12-01,Jimmy Grey,19849786.0,47686.0,350,262,189,262,32577395.0,-39.06883592134976,Major Decline
2017-01-01,Mary Gerrard,11075369.0,25413.0,327,249,178,249,,,Normal
2017-02-01,Mary Gerrard,21357956.0,49185.0,347,247,185,246,11075369.0,92.84193601134193,Major Increase
2017-03-01,Mary Gerrard,19694184.0,42820.0,405,283,192,283,21357956.0,-7.789940198397262,Normal
2017-04-01,Mary Gerrard,14347599.0,32314.0,311,240,173,240,19694184.0,-27.14804025391456,Normal
2017-05-01,Mary Gerrard,11241825.0,27005.0,395,295,194,294,14347599.0,-21.646646243737365,Normal
2017-06-01,Mary Gerrard,19870570.0,61897.0,377,273,187,273,11241825.0,76.75573138703014,Major Increase
2017-07-01,Mary Gerrard,27581872.0,54584.0,404,283,193,283,19870570.0,38.80765373112095,Major Increase
2017-08-01,Mary Gerrard,22404909.0,47299.0,379,279,193,279,27581872.0,-18.769440304849503,Normal
2017-09-01,Mary Gerrard,27585928.0,63379.0,374,269,185,269,22404909.0,23.124481335764408,Normal
2017-10-01,Mary Gerrard,20029465.0,41888.0,353,266,185,264,27585928.0,-27.392455312723214,Normal
2017-11-01,Mary Gerrard,31145558.0,64646.0,408,298,196,296,20029465.0,55.49870153795921,Major Increase
2017-12-01,Mary Gerrard,10456912.0,27364.0,289,228,164,228,31145558.0,-66.42567135897838,Major Decline
2018-01-01,Mary Gerrard,28245022.0,59417.0,572,381,212,381,10456912.0,170.10863245286944,Major Increase
2018-02-01,Mary Gerrard,18577965.0,48343.0,599,396,221,395,28245022.0,-34.22570178915067,Major Decline
2018-03-01,Mary Gerrard,31140911.0,78381.0,672,421,223,420,18577965.0,67.62283167182197,Major Increase
2018-04-01,Mary Gerrard,13768418.0,38470.0,504,361,205,361,31140911.0,-55.78672056190007,Major Decline
2018-05-01,Mary Gerrard,15097277.0,39282.0,543,367,217,366,13768418.0,9.651500993069792,Normal
2018-06-01,Mary Gerrard,31744859.0,72078.0,578,403,222,403,15097277.0,110.26877230907269,Major Increase
2018-07-01,Mary Gerrard,12363917.0,32175.0,663,425,231,425,31744859.0,-61.05222266068342,Major Decline
2018-08-01,Mary Gerrard,14336520.0,38927.0,585,379,216,378,12363917.0,15.954515061852973,Normal
2018-09-01,Mary Gerrard,27975318.0,81852.0,557,389,214,388,14336520.0,95.13325409513605,Major Increase
2018-10-01,Mary Gerrard,31715132.0,75120.0,726,442,231,442,27975318.0,13.36826269499421,Normal
2018-11-01,Mary Gerrard,30548238.0,73613.0,634,404,227,403,31715132.0,-3.679297314606794,Normal
2018-12-01,Mary Gerrard,19714287.0,52339.0,485,336,201,335,30548238.0,-35.46506021067402,Major Decline
2019-01-01,Mary Gerrard,10075902.0,19549.0,286,220,167,220,19714287.0,-48.89035550715073,Major Decline
2019-02-01,Mary Gerrard,30162367.0,61894.0,342,240,179,239,10075902.0,199.35153200179994,Major Increase
2019-03-01,Mary Gerrard,14006585.0,44155.0,398,279,199,279,30162367.0,-53.562712767204246,Major Decline
2019-04-01,Mary Gerrard,12069015.0,38116.0,358,261,196,260,14006585.0,-13.833279132636541,Normal
2019-05-01,Mary Gerrard,17526014.6534,38887.040822099996,361,270,184,269,12069015.0,45.21495460400041,Major Increase
2019-06-01,Mary Gerrard,10125119.0,26858.0,367,275,189,275,17526014.6534,-42.22805811681919,Major Decline
2019-07-01,Mary Gerrard,12335007.0,32642.0,398,289,195,289,10125119.0,21.825797800499924,Normal
2019-08-01,Mary Gerrard,33341224.0,72242.0,333,259,181,259,12335007.0,170.29756853806407,Major Increase
2019-09-01,Mary Gerrard,10597560.0,29520.0,307,232,183,232,33341224.0,-68.21484418208522,Major Decline
2019-10-01,Mary Gerrard,12493628.0,28166.0,306,230,169,230,10597560.0,17.89155239507962,Normal
2019-11-01,Mary Gerrard,13508385.0,37384.0,320,239,176,238,12493628.0,8.12219637082199,Normal
2019-12-01,Mary Gerrard,17999685.25753,38038.7157191,276,224,161,224,13508385.0,33.24823994526363,Major Increase
2020-01-01,Mary Gerrard,15824360.0,35095.0,274,218,159,218,17999685.25753,-12.085351640357006,Normal
2020-02-01,Mary Gerrard,17442958.0,48181.0,326,241,190,241,15824360.0,10.228521090268423,Normal
2020-03-01,Mary Gerrard,11332347.0,30858.0,299,236,175,236,17442958.0,-35.03196533523729,Major Decline
2020-04-01,Mary Gerrard,9619904.0,22105.0,222,189,147,188,11332347.0,-15.111106287161874,Normal
2020-05-01,Mary Gerrard,9390014.0,26380.0,312,234,159,232,9619904.0,-2.389732787354219,Normal
2020-06-01,Mary Gerrard,16284209.0,36564.0,342,254,181,254,9390014.0,73.42049756262344,Major Increase
2020-07-01,Mary Gerrard,16056393.0,37316.0,342,266,184,266,16284209.0,-1.3989994847155303,Normal
2020-08-01,Mary Gerrard,14077926.0,33686.0,341,252,184,251,16056393.0,-12.32198912918985,Normal
2020-09-01,Mary Gerrard,15252217.0,34882.0,383,270,189,270,14077926.0,8.341363635524154,Normal
2020-10-01,Mary Gerrard,7022856.0,21698.0,264,213,161,213,15252217.0,-53.95517910609323,Major Decline
2020-11-01,Mary Gerrard,15947319.0,39384.0,417,292,199,292,7022856.0,127.07740269770589,Major Increase
2020-12-01,Mary Gerrard,20755897.0,49811.0,341,254,172,254,15947319.0,30.152892784047275,Major Increase
2017-01-01,Morris Garcia,8495501.0,23058.0,321,248,179,248,,,Normal
2017-02-01,Morris Garcia,16035688.0,45094.0,325,233,176,232,8495501.0,88.75505988404922,Major Increase
2017-03-01,Morris Garcia,12991577.0,33407.0,395,284,191,284,16035688.0,-18.983351384736345,Normal
2017-04-01,Morris Garcia,15920092.0,37339.0,289,226,168,226,12991577.0,22.54164371269169,Normal
2017-05-01,Morris Garcia,25655127.0,67807.0,399,288,192,288,15920092.0,61.149363960962035,Major Increase
2017-06-01,Morris Garcia,25089351.0,54343.0,378,267,191,266,25655127.0,-2.2053135811800892,Normal
2017-07-01,Morris Garcia,18532076.0,41966.0,402,295,198,293,25089351.0,-26.135689998517698,Normal
2017-08-01,Morris Garcia,19554371.0,48393.0,394,296,191,296,18532076.0,5.516354454838195,Normal
2017-09-01,Morris Garcia,19087057.0,44479.0,367,264,186,264,19554371.0,-2.3898186241838206,Normal
2017-10-01,Morris Garcia,19216687.0,42991.0,339,255,177,254,19087057.0,0.6791513222808524,Normal
2017-11-01,Morris Garcia,14584116.0,37206.0,404,284,199,284,19216687.0,-24.107022193783976,Normal
2017-12-01,Morris Garcia,27340740.0,71985.0,300,230,168,230,14584116.0,87.4692987905472,Major Increase
2018-01-01,Morris Garcia,13942063.0,36478.0,576,383,220,382,27340740.0,-49.00627049597048,Major Decline
2018-02-01,Morris Garcia,17589248.0,44286.0,620,402,227,401,13942063.0,26.159579109633917,Normal
2018-03-01,Morris Garcia,16338374.0,38076.0,611,391,221,391,17589248.0,-7.111583167171218,Normal
2018-04-01,Morris Garcia,19115747.0,51655.0,534,384,218,384,16338374.0,16.99907836606017,Normal
2018-05-01,Morris Garcia,13561778.0,33761.0,569,401,216,400,19115747.0,-29.054417805383174,Normal
2018-06-01,Morris Garcia,20282336.0,48177.0,562,388,217,387,13561778.0,49.555139451479,Major Increase
2018-07-01,Morris Garcia,19775863.0,46770.0,620,416,225,415,20282336.0,-2.4971137446889746,Normal
2018-08-01,Morris Garcia,39547407.0,85970.0,583,377,218,377,19775863.0,99.97816024514329,Major Increase
2018-09-01,Morris Garcia,23288960.0,49925.0,560,385,221,385,39547407.0,-41.11128448952418,Major Decline
2018-10-01,Morris Garcia,27428471.0,68231.0,736,463,228,462,23288960.0,17.7745635700349,Normal
2018-11-01,Morris Garcia,18870320.0,49708.0,625,422,226,422,27428471.0,-31.201706431248027,Major Decline
2018-12-01,Morris Garcia,25189721.0,57525.0,531,355,206,355,18870320.0,33.48857359069692,Major Increase
2019-01-01,Morris Garcia,10450053.0,23740.0,301,228,171,228,25189721.0,-58.514613957018426,Major Decline
2019-02-01,Morris Garcia,22411988.0,45640.0,335,251,183,251,10450053.0,114.46769695809198,Major Increase
2019-03-01,Morris Garcia,35641515.0,95480.0,364,269,195,269,22411988.0,59.02879744536719,Major Increase
2019-04-01,Morris Garcia,9460289.0,32494.0,312,245,175,245,35641515.0,-73.45710753316743,Major Decline
2019-05-01,Morris Garcia,12050802.0,33363.0,363,267,202,266,9460289.0,27.383021808318965,Normal
2019-06-01,Morris Garcia,16388148.5,38217.81,409,282,193,281,12050802.0,35.992181267271675,Major Increase
2019-07-01,Morris Garcia,19626871.0,46078.0,390,279,202,279,16388148.5,19.762589410268035,Normal
2019-08-01,Morris Garcia,23504230.0,48582.0,358,267,174,267,19626871.0,19.755359883906102,Normal
2019-09-01,Morris Garcia,17474790.0,42469.0,312,247,183,246,23504230.0,-25.652574026037016,Normal
2019-10-01,Morris Garcia,17260615.0,43500.0,295,225,169,225,17474790.0,-1.2256227399585344,Normal
2019-11-01,Morris Garcia,19839872.0,49681.0,279,207,159,207,17260615.0,14.943019121856318,Normal
2019-12-01,Morris Garcia,12035782.0,35351.0,263,203,163,203,19839872.0,-39.335384825063386,Major Decline
2020-01-01,Morris Garcia,15892482.0,41705.0,287,222,169,222,12035782.0,32.043617938576816,Major Increase
2020-02-01,Morris Garcia,15231180.0,35067.0,330,249,182,249,15892482.0,-4.161099568966006,Normal
2020-03-01,Morris Garcia,17231159.0,42278.0,317,234,173,234,15231180.0,13.130821118258728,Normal
2020-04-01,Morris Garcia,11328606.0,26009.0,256,206,164,204,17231159.0,-34.25511307741981,Major Decline
2020-05-01,Morris Garcia,18195866.0,62832.0,290,227,163,226,11328606.0,60.61875574099761,Major Increase
2020-06-01,Morris Garcia,18984240.0,54110.0,352,257,195,255,18195866.0,4.332709418721812,Normal
2020-07-01,Morris Garcia,18582580.0,63277.0,358,257,181,256,18984240.0,-2.1157549630640995,Normal
2020-08-01,Morris Garcia,18344752.0,45627.0,362,263,188,262,18582580.0,-1.2798438107087389,Normal
2020-09-01,Morris Garcia,20245998.0,48641.0,389,273,195,273,18344752.0,10.363977665110982,Normal
2020-10-01,Morris Garcia,9970741.0,25751.0,300,228,172,228,20245998.0,-50.75203998340808,Major Decline
2020-11-01,Morris Garcia,22610111.0,70602.0,463,310,207,309,9970741.0,126.76460054473384,Major Increase
2020-12-01,Morris Garcia,21000141.0,46719.0,336,257,186,257,22610111.0,-7.120575392133192,Normal
2017-01-01,Sheila Stones,9917714.0,31584.0,304,232,179,232,,,Normal
2017-02-01,Sheila Stones,12058225.0,35066.0,337,254,181,252,9917714.0,21.582705450066417,Normal
2017-03-01,Sheila Stones,12138729.0,34937.0,367,266,186,266,12058225.0,0.6676272834517518,Normal
2017-04-01,Sheila Stones,18917576.0,44090.0,301,242,173,242,12138729.0,55.84478407912393,Major Increase
2017-05-01,Sheila Stones,13806531.0,35111.0,405,281,197,281,18917576.0,-27.017441346608045,Normal
2017-06-01,Sheila Stones,32046512.0,84311.0,393,261,191,260,13806531.0,132.11125227618726,Major Increase
2017-07-01,Sheila Stones,17745687.0,42185.0,408,293,198,293,32046512.0,-44.625215374453234,Major Decline
2017-08-01,Sheila Stones,12783012.0,28667.0,368,266,189,266,17745687.0,-27.965527623698083,Normal
2017-09-01,Sheila Stones,14841212.0,36490.0,322,253,177,252,12783012.0,16.101056621084293,Normal
2017-10-01,Sheila Stones,24593353.0,57713.0,367,268,190,268,14841212.0,65.70986924787545,Major Increase
2017-11-01,Sheila Stones,14153142.0,31728.0,390,280,192,280,24593353.0,-42.451352607348824,Major Decline
2017-12-01,Sheila Stones,16507693.0,37161.0,307,243,173,242,14153142.0,16.636242326968812,Normal
2018-01-01,Sheila Stones,16899636.0,39428.0,567,375,214,375,16507693.0,2.3743051194373437,Normal
2018-02-01,Sheila Stones,24961551.0,53351.0,623,427,223,427,16899636.0,47.70466653837988,Major Increase
2018-03-01,Sheila Stones,26061372.0,61595.0,685,433,229,433,24961551.0,4.406060344567531,Normal
2018-04-01,Sheila Stones,28513083.0,80003.0,531,375,218,374,26061372.0,9.407451764243264,Normal
2018-05-01,Sheila Stones,18726682.0,46189.0,595,412,223,412,28513083.0,-34.322493291939004,Major Decline
2018-06-01,Sheila Stones,24316826.0,64081.0,565,390,219,390,18726682.0,29.851225112916424,Normal
2018-07-01,Sheila Stones,33172195.0,72728.0,658,446,224,446,24316826.0,36.4166318416721,Major Increase
2018-08-01,Sheila Stones,24849758.0,72897.0,619,382,222,381,33172195.0,-25.088593021957095,Normal
2018-09-01,Sheila Stones,24904169.0,60828.0,599,394,222,394,24849758.0,0.21895987880445356,Normal
2018-10-01,Sheila Stones,27752577.0,69680.0,816,496,236,495,24904169.0,11.437474585078506,Normal
2018-11-01,Sheila Stones,22417671.0,55872.0,648,426,225,425,27752577.0,-19.223101335778654,Normal
2018-12-01,Sheila Stones,10432683.0,30304.0,475,328,209,328,22417671.0,-53.4622352161382,Major Decline
2019-01-01,Sheila Stones,9518621.0,23916.0,272,207,169,207,10432683.0,-8.76152376143318,Normal
2019-02-01,Sheila Stones,24937687.0,55386.0,367,265,192,265,9518621.0,161.98844349407335,Major Increase
2019-03-01,Sheila Stones,21194241.0,54831.0,397,275,192,275,24937687.0,-15.011199715514914,Normal
2019-04-01,Sheila Stones,21380432.0,51508.0,385,273,187,272,21194241.0,0.8784980787941404,Normal
2019-05-01,Sheila Stones,15248436.0,35223.0,368,251,179,251,21380432.0,-28.680412070251904,Normal
2019-06-01,Sheila Stones,18043894.0,38730.0,365,265,189,264,15248436.0,18.332752290136508,Normal
2019-07-01,Sheila Stones,15816575.0,41932.0,359,265,186,265,18043894.0,-12.343893175164961,Normal
2019-08-01,Sheila Stones,50217907.0,135184.0,360,265,185,265,15816575.0,217.50177898818168,Major Increase
2019-09-01,Sheila Stones,29514285.0,82073.0,320,239,169,237,50217907.0,-41.227568484684156,Major Decline
2019-10-01,Sheila Stones,21701276.0,61617.0,300,233,171,233,29514285.0,-26.471957562244857,Normal
2019-11-01,Sheila Stones,25646580.0,59287.0,306,227,164,227,21701276.0,18.180055403193805,Normal
2019-12-01,Sheila Stones,13704444.244146999,31483.11705686,253,193,144,193,25646580.0,-46.56424270157269,Major Decline
2020-01-01,Sheila Stones,12186833.0,42436.0,283,221,173,220,13704444.244146999,-11.07386200498537,Normal
2020-02-01,Sheila Stones,19934236.0,44001.0,310,238,178,238,12186833.0,63.57191404854732,Major Increase
2020-03-01,Sheila Stones,17785435.0,42990.0,329,260,181,260,19934236.0,-10.779449987448729,Normal
2020-04-01,Sheila Stones,8064449.0,18965.0,236,188,154,187,17785435.0,-54.6570044533631,Major Decline
2020-05-01,Sheila Stones,15900560.0,39428.0,294,238,171,237,8064449.0,97.16858523130347,Major Increase
2020-06-01,Sheila Stones,19648436.0,48473.0,374,268,193,267,15900560.0,23.570717006193494,Normal
2020-07-01,Sheila Stones,31977150.0,73042.0,356,268,178,267,19648436.0,62.74654125142581,Major Increase
2020-08-01,Sheila Stones,10260486.0,26308.0,320,244,182,244,31977150.0,-67.91306917595847,Major Decline
2020-09-01,Sheila Stones,22260916.0,44464.0,381,276,194,276,10260486.0,116.95771525832208,Major Increase
2020-10-01,Sheila Stones,15340331.0,34431.0,267,211,168,211,22260916.0,-31.08850058101832,Major Decline
2020-11-01,Sheila Stones,18390250.0,47579.0,450,317,198,316,15340331.0,19.881702682947324,Normal
2020-12-01,Sheila Stones,17012849.0,45244.0,353,264,178,263,18390250.0,-7.489843803102188,Normal
2017-01-01,Stella Given,7655945.0,22472.0,306,241,168,241,,,Normal
2017-02-01,Stella Given,12921099.0,28280.0,356,271,185,270,7655945.0,68.77209802317023,Major Increase
2017-03-01,Stella Given,13873513.0,39332.0,380,279,196,278,12921099.0,7.3709983957246985,Normal
2017-04-01,Stella Given,10753534.0,29855.0,299,234,174,234,13873513.0,-22.488745280304993,Normal
2017-05-01,Stella Given,16014898.0,38018.0,405,290,195,289,10753534.0,48.92683651718588,Major Increase
2017-06-01,Stella Given,15066779.0,41400.0,380,268,190,267,16014898.0,-5.9202312746543875,Normal
2017-07-01,Stella Given,16655708.0,37082.0,402,282,193,281,15066779.0,10.54591031035897,Normal
2017-08-01,Stella Given,13331499.0,35755.0,377,264,182,263,16655708.0,-19.958377032066124,Normal
2017-09-01,Stella Given,13612473.0,36832.0,350,260,180,259,13331499.0,2.107594952375573,Normal
2017-10-01,Stella Given,15700445.0,40025.0,372,261,184,259,13612473.0,15.338667705713723,Normal
2017-11-01,Stella Given,14801236.0,45344.0,420,288,196,287,15700445.0,-5.7272835260401855,Normal
2017-12-01,Stella Given,14554709.0,35289.0,320,250,175,250,14801236.0,-1.665583874211586,Normal
2018-01-01,Stella Given,15930255.0,35581.0,578,389,221,389,14554709.0,9.450865695768977,Normal
2018-02-01,Stella Given,19120142.6,48076.4,672,424,223,423,15930255.0,20.02408373249519,Normal
2018-03-01,Stella Given,28163872.0,71219.0,670,422,229,421,19120142.6,47.29948719106309,Major Increase
2018-04-01,Stella Given,16147331.0,38358.0,520,381,209,381,28163872.0,-42.6665090652308,Major Decline
2018-05-01,Stella Given,28313276.0,54201.0,578,398,216,398,16147331.0,75.3433802775208,Major Increase
2018-06-01,Stella Given,16823881.0,43766.0,584,394,222,393,28313276.0,-40.57953237202223,Major Decline
2018-07-01,Stella Given,18825635.0,47987.0,623,419,217,418,16823881.0,11.89828910463644,Normal
2018-08-01,Stella Given,13591097.0,32013.0,612,395,217,395,18825635.0,-27.805372833373216,Normal
2018-09-01,Stella Given,10657309.0,32128.0,560,391,220,391,13591097.0,-21.586101548682933,Normal
2018-10-01,Stella Given,25489346.0,57901.0,740,470,229,469,10657309.0,139.17244024734575,Major Increase
2018-11-01,Stella Given,21574673.0,50701.0,629,430,222,430,25489346.0,-15.358075487695919,Normal
2018-12-01,Stella Given,19365388.0,44499.0,486,346,213,346,21574673.0,-10.240178379528626,Normal
2019-01-01,Stella Given,7132701.0,17932.0,288,233,179,233,19365388.0,-63.16778677504422,Major Decline
2019-02-01,Stella Given,14014656.0,30227.0,347,262,182,262,7132701.0,96.48455753297384,Major Increase
2019-03-01,Stella Given,23673616.0,55746.0,414,292,206,292,14014656.0,68.92042159293813,Major Increase
2019-04-01,Stella Given,20703988.0,44905.0,375,265,191,264,23673616.0,-12.54404058932104,Normal
2019-05-01,Stella Given,26121771.0,45615.0,365,264,192,263,20703988.0,26.16782331983577,Normal
2019-06-01,Stella Given,15999854.0,44105.5,364,263,185,263,26121771.0,-38.74896920273897,Major Decline
2019-07-01,Stella Given,10595139.0,35713.0,364,262,188,262,15999854.0,-33.77977699046504,Major Decline
2019-08-01,Stella Given,45973840.0,108893.0,330,251,186,250,10595139.0,333.91445831904616,Major Increase
2019-09-01,Stella Given,15575761.0,32081.0,308,242,176,242,45973840.0,-66.12038280900616,Major Decline
2019-10-01,Stella Given,13317088.0,28280.0,286,229,173,229,15575761.0,-14.501204788645639,Normal
2019-11-01,Stella Given,20188511.0,44951.0,348,265,182,264,13317088.0,51.598540161332565,Major Increase
2019-12-01,Stella Given,18204823.81899,37337.61620367,258,210,153,210,20188511.0,-9.825822127298048,Normal
2020-01-01,Stella Given,18977539.0,43488.0,269,209,158,209,18204823.81899,4.244562807600246,Normal
2020-02-01,Stella Given,14439296.0,37900.0,307,234,172,234,18977539.0,-23.913759313048967,Normal
2020-03-01,Stella Given,14241903.0,34768.0,312,246,174,246,14439296.0,-1.3670541832510394,Normal
2020-04-01,Stella Given,12526690.0,28429.0,243,197,153,197,14241903.0,-12.043425657371772,Normal
2020-05-01,Stella Given,12996252.0,44348.0,282,220,166,219,12526690.0,3.748492219413109,Normal
2020-06-01,Stella Given,13557931.0,36053.0,340,263,184,263,12996252.0,4.321853715979038,Normal
2020-07-01,Stella Given,16889019.0,36696.0,361,271,188,271,13557931.0,24.569294533214546,Normal
2020-08-01,Stella Given,14883549.0,34320.0,336,254,182,253,16889019.0,-11.874401941285043,Normal
2020-09-01,Stella Given,18857410.0,44227.0,388,282,192,282,14883549.0,26.699687016853307,Normal
2020-10-01,Stella Given,67091636.0,140119.0,242,200,157,200,18857410.0,255.7839385154165,Major Increase
2020-11-01,Stella Given,28653123.0,61931.0,453,315,201,315,67091636.0,-57.29255581127877,Major Decline
2020-12-01,Stella Given,24780762.0,55044.0,340,266,172,266,28653123.0,-13.514621076383193,Normal
2017-01-01,Steve Pepple,5332991.0,15154.0,296,238,175,238,,,Normal
2017-02-01,Steve Pepple,15708287.0,39965.0,347,262,176,262,5332991.0,194.5492876323999,Major Increase
2017-03-01,Steve Pepple,22722490.0,52791.0,403,283,188,281,15708287.0,44.65288290187212,Major Increase
2017-04-01,Steve Pepple,15404074.0,34558.0,300,232,166,231,22722490.0,-32.20780821115996,Major Decline
2017-05-01,Steve Pepple,16482146.0,41743.0,405,291,196,291,15404074.0,6.9986160803953545,Normal
2017-06-01,Steve Pepple,20652627.0,53203.0,381,288,193,287,16482146.0,25.30302182737612,Normal
2017-07-01,Steve Pepple,15533605.0,37053.0,429,303,200,302,20652627.0,-24.78629958309904,Normal
2017-08-01,Steve Pepple,17040064.0,40124.0,404,298,196,298,15533605.0,9.698064293510747,Normal
2017-09-01,Steve Pepple,17881149.0,43154.0,375,264,189,263,17040064.0,4.935926296990434,Normal
2017-10-01,Steve Pepple,13969908.0,34231.0,389,269,199,269,17881149.0,-21.873544032321412,Normal
2017-11-01,Steve Pepple,18788488.0,42215.0,420,311,197,311,13969908.0,34.49256788233681,Major Increase
2017-12-01,Steve Pepple,8959982.0,23761.0,290,225,172,225,18788488.0,-52.31131956972802,Major Decline
2018-01-01,Steve Pepple,17460099.0,42237.0,538,352,221,352,8959982.0,94.86756781431033,Major Increase
2018-02-01,Steve Pepple,15660405.0,41139.0,600,405,226,405,17460099.0,-10.307467328793496,Normal
2018-03-01,Steve Pepple,35772107.0,69403.0,603,388,217,388,15660405.0,128.42389452890905,Major Increase
2018-04-01,Steve Pepple,11405398.0,37089.0,550,388,214,388,35772107.0,-68.11650485111207,Major Decline
2018-05-01,Steve Pepple,22711256.0,52389.0,604,416,218,416,11405398.0,99.12725535750704,Major Increase
2018-06-01,Steve Pepple,17633391.0,57357.0,593,394,217,393,22711256.0,-22.35836274312614,Normal
2018-07-01,Steve Pepple,28561574.0,75454.0,624,410,227,410,17633391.0,61.974370102721586,Major Increase
2018-08-01,Steve Pepple,23738856.0,59174.0,580,368,221,367,28561574.0,-16.885336921557613,Normal
2018-09-01,Steve Pepple,27860734.0,63674.0,528,363,214,363,23738856.0,17.363423073125343,Normal
2018-10-01,Steve Pepple,32836407.0,73473.0,803,470,229,469,27860734.0,17.85908799100555,Normal
2018-11-01,Steve Pepple,16965406.0,46867.0,641,409,224,409,32836407.0,-48.333549404476564,Major Decline
2018-12-01,Steve Pepple,15590550.0,37605.0,526,353,216,353,16965406.0,-8.10387915267103,Normal
2019-01-01,Steve Pepple,7104577.0,16050.0,282,206,157,205,15590550.0,-54.43023498208851,Major Decline
2019-02-01,Steve Pepple,15954608.0,34610.0,318,248,181,248,7104577.0,124.56802143181783,Major Increase
2019-03-01,Steve Pepple,18804128.0,50522.0,396,268,184,268,15954608.0,17.860169300304964,Normal
2019-04-01,Steve Pepple,13024893.0,33449.0,358,271,191,271,18804128.0,-30.73386333043468,Major Decline
2019-05-01,Steve Pepple,13306109.0,35390.0,371,269,193,268,13024893.0,2.159065721307653,Normal
2019-06-01,Steve Pepple,19393548.0,47895.0,339,251,185,251,13306109.0,45.749204369211164,Major Increase
2019-07-01,Steve Pepple,20096444.0,54648.0,387,287,192,285,19393548.0,3.6243806445318825,Normal
2019-08-01,Steve Pepple,48967718.0,197794.0,354,263,183,263,20096444.0,143.66359541021288,Major Increase
2019-09-01,Steve Pepple,15679002.0,39345.0,334,243,190,243,48967718.0,-67.98094205656061,Major Decline
2019-10-01,Steve Pepple,10675256.0,22789.0,303,234,178,234,15679002.0,-31.91367664855199,Major Decline
2019-11-01,Steve Pepple,18208103.0,43102.0,303,227,165,227,10675256.0,70.56361927058236,Major Increase
2019-12-01,Steve Pepple,29511815.571429998,60627.4285714,265,208,161,208,18208103.0,62.08067128920568,Major Increase
2020-01-01,Steve Pepple,10510319.0,28688.0,269,215,163,215,29511815.571429998,-64.38606437289171,Major Decline
2020-02-01,Steve Pepple,14959550.0,33963.0,348,261,183,261,10510319.0,42.33202626866035,Major Increase
2020-03-01,Steve Pepple,12880872.0,35206.0,306,234,167,234,14959550.0,-13.895324391442257,Normal
2020-04-01,Steve Pepple,12996745.0,44735.0,249,205,157,205,12880872.0,0.899574190318792,Normal
2020-05-01,Steve Pepple,14394466.0,32431.0,320,249,182,249,12996745.0,10.75439273448852,Normal
2020-06-01,Steve Pepple,22918971.0,58554.0,372,283,191,283,14394466.0,59.22071023683685,Major Increase
2020-07-01,Steve Pepple,19221661.0,45786.0,352,265,182,264,22918971.0,-16.132094237564157,Normal
2020-08-01,Steve Pepple,11487926.0,26388.0,332,252,178,251,19221661.0,-40.234478175429274,Major Decline
2020-09-01,Steve Pepple,14583247.0,38954.0,378,284,192,283,11487926.0,26.944123769599493,Normal
2020-10-01,Steve Pepple,12343297.0,33848.0,265,215,158,214,14583247.0,-15.359748072565733,Normal
2020-11-01,Steve Pepple,16390066.0,42770.0,433,303,207,302,12343297.0,32.78515456607744,Major Increase
2020-12-01,Steve Pepple,27364667.0,65935.0,357,267,191,265,16390066.0,66.95885788379375,Major Increase
2017-01-01,Thompson Crawford,12885374.0,30196.0,329,256,182,255,,,Normal
2017-02-01,Thompson Crawford,17479000.0,42947.0,376,273,184,273,12885374.0,35.64992370419361,Major Increase
2017-03-01,Thompson Crawford,21195355.0,42915.0,344,264,176,263,17479000.0,21.261828479890156,Normal
2017-04-01,Thompson Crawford,18782645.0,44878.0,312,238,170,238,21195355.0,-11.383201649606718,Normal
2017-05-01,Thompson Crawford,13002004.0,32979.0,435,290,204,290,18782645.0,-30.776501392641986,Major Decline
2017-06-01,Thompson Crawford,17312222.0,45431.0,364,266,184,265,13002004.0,33.15041281328632,Major Increase
2017-07-01,Thompson Crawford,25874035.0,56397.0,441,304,196,302,17312222.0,49.45530966504473,Major Increase
2017-08-01,Thompson Crawford,16788508.0,40781.0,354,258,182,258,25874035.0,-35.114457408749736,Major Decline
2017-09-01,Thompson Crawford,19720780.0,41906.0,371,267,185,267,16788508.0,17.46594753982903,Normal
2017-10-01,Thompson Crawford,20087928.0,45546.0,343,264,178,264,19720780.0,1.8617316353612787,Normal
2017-11-01,Thompson Crawford,16350984.0,37740.0,410,291,199,291,20087928.0,-18.60293406069556,Normal
2017-12-01,Thompson Crawford,12022605.0,33004.0,293,228,165,228,16350984.0,-26.471672897484332,Normal
2018-01-01,Thompson Crawford,23585075.0,48187.0,570,386,221,386,12022605.0,96.17275124650607,Major Increase
2018-02-01,Thompson Crawford,19113226.0,46962.0,616,394,222,394,23585075.0,-18.960503623583982,Normal
2018-03-01,Thompson Crawford,35684027.0,83182.0,690,435,229,434,19113226.0,86.69808539908438,Major Increase
2018-04-01,Thompson Crawford,23166791.0,49413.0,519,358,217,358,35684027.0,-35.07798040843316,Major Decline
2018-05-01,Thompson Crawford,11916946.0,31283.0,564,390,214,389,23166791.0,-48.560221396221856,Major Decline
2018-06-01,Thompson Crawford,27955955.0,66310.0,560,387,217,385,11916946.0,134.58992765428323,Major Increase
2018-07-01,Thompson Crawford,17281334.0,45476.0,634,408,229,407,27955955.0,-38.18371076931552,Major Decline
2018-08-01,Thompson Crawford,19280823.0,45031.0,621,393,220,392,17281334.0,11.570223687592636,Normal
2018-09-01,Thompson Crawford,26020685.0,64668.0,592,394,217,394,19280823.0,34.95629828664472,Major Increase
2018-10-01,Thompson Crawford,25555843.0,58145.0,801,477,232,476,26020685.0,-1.7864326016013798,Normal
2018-11-01,Thompson Crawford,26969094.0,77751.0,663,430,224,430,25555843.0,5.530050407650415,Normal
2018-12-01,Thompson Crawford,12620438.0,29377.0,552,372,220,371,26969094.0,-53.204071297315366,Major Decline
2019-01-01,Thompson Crawford,8156452.0,21123.0,284,222,165,222,12620438.0,-35.371086169909475,Major Decline
2019-02-01,Thompson Crawford,16173419.0,42302.0,306,248,170,248,8156452.0,98.28988143374104,Major Increase
2019-03-01,Thompson Crawford,16475503.0,43404.0,406,272,198,272,16173419.0,1.8677807085811602,Normal
2019-04-01,Thompson Crawford,14129176.0,31979.0,365,270,194,270,16475503.0,-14.241307230498517,Normal
2019-05-01,Thompson Crawford,18963911.82629,45768.8637212,333,256,182,256,14129176.0,34.21810179369271,Major Increase
2019-06-01,Thompson Crawford,11843401.0,26806.0,373,265,192,264,18963911.82629,-37.54769000992038,Major Decline
2019-07-01,Thompson Crawford,17306771.0,40737.0,372,270,192,270,11843401.0,46.13007699393105,Major Increase
2019-08-01,Thompson Crawford,35337960.0,79276.0,338,246,181,246,17306771.0,104.18574903429413,Major Increase
2019-09-01,Thompson Crawford,15107970.0,35729.0,337,244,184,244,35337960.0,-57.24719253743,Major Decline
2019-10-01,Thompson Crawford,12929464.0,31072.0,332,248,189,248,15107970.0,-14.419581187942523,Normal
2019-11-01,Thompson Crawford,13011200.0,39639.0,273,215,169,215,12929464.0,0.6321685106203938,Normal
2019-12-01,Thompson Crawford,9930131.352041,28220.45408163,259,210,155,210,13011200.0,-23.680126721278587,Normal
2020-01-01,Thompson Crawford,13536936.0,35675.0,275,214,167,214,9930131.352041,36.321822140023066,Major Increase
2020-02-01,Thompson Crawford,14521856.0,35675.0,298,231,167,229,13536936.0,7.2757971227757885,Normal
2020-03-01,Thompson Crawford,13718249.0,36090.0,324,248,183,248,14521856.0,-5.533776123382576,Normal
2020-04-01,Thompson Crawford,5580083.0,12540.0,247,206,154,206,13718249.0,-59.3236498331529,Major Decline
2020-05-01,Thompson Crawford,16741660.0,38413.0,310,238,174,238,5580083.0,200.02528636222797,Major Increase
2020-06-01,Thompson Crawford,20287970.0,43728.0,351,269,192,269,16741660.0,21.1825470114672,Normal
2020-07-01,Thompson Crawford,19921110.0,46511.0,305,234,174,234,20287970.0,-1.808263714900998,Normal
2020-08-01,Thompson Crawford,12434539.0,27943.0,341,243,181,243,19921110.0,-37.58109362379908,Major Decline
2020-09-01,Thompson Crawford,17638046.0,48966.0,379,274,189,273,12434539.0,41.847204789819706,Major Increase
2020-10-01,Thompson Crawford,15850076.0,57827.0,272,224,162,224,17638046.0,-10.137007239917619,Normal
2020-11-01,Thompson Crawford,24984956.0,54326.0,440,302,208,301,15850076.0,57.63303595515883,Major Increase
2020-12-01,Thompson Crawford,21732369.0,54163.0,348,256,186,255,24984956.0,-13.01818182109266,Normal
