date,rep_id,name_of_sales_rep,territory_id,planned_calls,actual_calls,planned_visits,actual_visits,call_completion_pct,visit_completion_pct,hcp_coverage_count,hcp_coverage_pct
2017-01-01,REP_008,Mary Gerrard,TERR_07,87,64,58,42,73.5632183908046,72.41379310344827,11,1.4647137150466045
2017-01-01,REP_006,Jessica Smith,TERR_01,84,62,36,26,73.80952380952381,72.22222222222221,6,0.7989347536617843
2017-01-01,REP_012,Steve Pepple,TERR_06,63,48,61,47,76.19047619047619,77.04918032786885,5,0.6657789613848202
2017-01-01,REP_008,Mary Gerrard,TERR_05,100,89,44,39,89.0,88.63636363636364,3,0.3994673768308922
2017-01-01,REP_003,Anne Wu,TERR_07,120,85,51,36,70.83333333333334,70.58823529411765,5,0.6657789613848202
2017-01-01,REP_013,Thompson Crawford,TERR_05,83,60,37,26,72.28915662650603,70.27027027027027,9,1.1984021304926764
2017-01-01,REP_010,Sheila Stones,TERR_04,109,89,65,53,81.65137614678899,81.53846153846153,9,1.1984021304926764
2017-01-01,REP_008,Mary Gerrard,TERR_03,82,61,79,58,74.39024390243902,73.41772151898735,10,1.3315579227696404
2017-01-01,REP_011,Stella Given,TERR_05,152,141,91,84,92.76315789473685,92.3076923076923,7,0.9320905459387484
2017-01-01,REP_009,Morris Garcia,TERR_08,99,78,63,49,78.78787878787878,77.77777777777779,6,0.7989347536617843
2017-01-01,REP_005,Erica Jones,TERR_01,81,72,52,46,88.88888888888889,88.46153846153845,6,0.7989347536617843
2017-01-01,REP_001,Abigail Thompson,TERR_01,81,71,44,38,87.65432098765432,86.36363636363636,9,1.1984021304926764
2017-01-01,REP_006,Jessica Smith,TERR_04,129,94,62,45,72.86821705426357,72.58064516129032,8,1.0652463382157125
2017-01-01,REP_003,Anne Wu,TERR_08,112,87,51,39,77.67857142857143,76.47058823529412,7,0.9320905459387484
2017-01-01,REP_004,Daniel Gates,TERR_01,144,117,73,59,81.25,80.82191780821918,8,1.0652463382157125
2017-01-01,REP_009,Morris Garcia,TERR_06,120,98,90,74,81.66666666666667,82.22222222222221,8,1.0652463382157125
2017-01-01,REP_002,Alan Ray,TERR_04,108,78,60,43,72.22222222222221,71.66666666666667,8,1.0652463382157125
2017-01-01,REP_007,Jimmy Grey,TERR_06,94,71,61,46,75.53191489361703,75.40983606557377,8,1.0652463382157125
2017-01-01,REP_001,Abigail Thompson,TERR_05,94,67,64,46,71.27659574468085,71.875,6,0.7989347536617843
2017-01-01,REP_006,Jessica Smith,TERR_02,135,123,84,77,91.11111111111111,91.66666666666666,10,1.3315579227696404
2017-01-01,REP_009,Morris Garcia,TERR_07,160,147,74,68,91.875,91.8918918918919,6,0.7989347536617843
2017-01-01,REP_011,Stella Given,TERR_08,88,80,60,54,90.9090909090909,90.0,7,0.9320905459387484
2017-01-01,REP_011,Stella Given,TERR_04,48,36,42,31,75.0,73.80952380952381,7,0.9320905459387484
2017-01-01,REP_004,Daniel Gates,TERR_08,130,113,80,70,86.92307692307692,87.5,3,0.3994673768308922
2017-01-01,REP_006,Jessica Smith,TERR_05,102,79,37,28,77.45098039215686,75.67567567567568,8,1.0652463382157125
2017-01-01,REP_001,Abigail Thompson,TERR_08,104,79,45,34,75.96153846153845,75.55555555555556,7,0.9320905459387484
2017-01-01,REP_010,Sheila Stones,TERR_01,89,67,45,34,75.28089887640449,75.55555555555556,10,1.3315579227696404
2017-01-01,REP_008,Mary Gerrard,TERR_01,102,87,42,36,85.29411764705883,85.71428571428571,10,1.3315579227696404
2017-01-01,REP_006,Jessica Smith,TERR_08,108,98,66,59,90.74074074074075,89.39393939393939,6,0.7989347536617843
2017-01-01,REP_005,Erica Jones,TERR_08,72,50,54,38,69.44444444444444,70.37037037037037,9,1.1984021304926764
2017-01-01,REP_010,Sheila Stones,TERR_06,123,91,46,34,73.98373983739837,73.91304347826086,6,0.7989347536617843
2017-01-01,REP_012,Steve Pepple,TERR_07,175,127,71,51,72.57142857142857,71.83098591549296,6,0.7989347536617843
2017-01-01,REP_006,Jessica Smith,TERR_06,137,118,85,73,86.13138686131386,85.88235294117646,8,1.0652463382157125
2017-01-01,REP_002,Alan Ray,TERR_07,134,123,57,52,91.7910447761194,91.22807017543859,7,0.9320905459387484
2017-01-01,REP_010,Sheila Stones,TERR_07,115,90,92,72,78.26086956521739,78.26086956521739,9,1.1984021304926764
2017-01-01,REP_001,Abigail Thompson,TERR_03,147,105,84,60,71.42857142857143,71.42857142857143,10,1.3315579227696404
2017-01-01,REP_002,Alan Ray,TERR_08,89,62,53,37,69.66292134831461,69.81132075471697,8,1.0652463382157125
2017-01-01,REP_008,Mary Gerrard,TERR_04,68,59,41,35,86.76470588235294,85.36585365853658,5,0.6657789613848202
2017-01-01,REP_004,Daniel Gates,TERR_06,136,103,54,41,75.73529411764706,75.92592592592592,10,1.3315579227696404
2017-01-01,REP_010,Sheila Stones,TERR_05,110,92,71,59,83.63636363636363,83.09859154929578,9,1.1984021304926764
2017-01-01,REP_011,Stella Given,TERR_01,67,50,37,28,74.6268656716418,75.67567567567568,7,0.9320905459387484
2017-01-01,REP_002,Alan Ray,TERR_06,148,122,92,75,82.43243243243244,81.52173913043478,9,1.1984021304926764
2017-01-01,REP_007,Jimmy Grey,TERR_05,96,84,62,54,87.5,87.09677419354838,5,0.6657789613848202
2017-01-01,REP_013,Thompson Crawford,TERR_03,154,145,75,70,94.15584415584416,93.33333333333333,9,1.1984021304926764
2017-01-01,REP_006,Jessica Smith,TERR_07,138,109,89,70,78.98550724637681,78.65168539325843,7,0.9320905459387484
2017-01-01,REP_004,Daniel Gates,TERR_03,97,84,53,46,86.5979381443299,86.79245283018868,8,1.0652463382157125
2017-01-01,REP_007,Jimmy Grey,TERR_01,121,114,53,50,94.21487603305785,94.33962264150944,8,1.0652463382157125
2017-01-01,REP_005,Erica Jones,TERR_05,119,104,87,76,87.39495798319328,87.35632183908046,10,1.3315579227696404
2017-01-01,REP_009,Morris Garcia,TERR_02,114,102,48,43,89.47368421052632,89.58333333333334,9,1.1984021304926764
2017-01-01,REP_011,Stella Given,TERR_07,204,183,89,80,89.70588235294117,89.8876404494382,9,1.1984021304926764
2017-01-01,REP_002,Alan Ray,TERR_02,119,86,54,39,72.26890756302521,72.22222222222221,7,0.9320905459387484
2017-01-01,REP_009,Morris Garcia,TERR_01,111,94,38,32,84.68468468468468,84.21052631578947,8,1.0652463382157125
2017-01-01,REP_004,Daniel Gates,TERR_02,68,56,38,31,82.35294117647058,81.57894736842105,6,0.7989347536617843
2017-01-01,REP_007,Jimmy Grey,TERR_08,132,113,93,79,85.60606060606061,84.94623655913979,11,1.4647137150466045
2017-01-01,REP_013,Thompson Crawford,TERR_08,129,100,74,57,77.51937984496125,77.02702702702703,6,0.7989347536617843
2017-01-01,REP_003,Anne Wu,TERR_06,120,89,49,36,74.16666666666667,73.46938775510205,11,1.4647137150466045
2017-01-01,REP_005,Erica Jones,TERR_07,90,79,32,28,87.77777777777777,87.5,5,0.6657789613848202
2017-01-01,REP_012,Steve Pepple,TERR_08,164,139,83,70,84.7560975609756,84.33734939759037,11,1.4647137150466045
2017-01-01,REP_003,Anne Wu,TERR_05,96,85,43,38,88.54166666666666,88.37209302325581,8,1.0652463382157125
2017-01-01,REP_004,Daniel Gates,TERR_05,121,99,58,47,81.81818181818183,81.03448275862068,6,0.7989347536617843
2017-01-01,REP_007,Jimmy Grey,TERR_03,64,54,35,29,84.375,82.85714285714286,7,0.9320905459387484
2017-01-01,REP_007,Jimmy Grey,TERR_02,104,95,55,50,91.34615384615384,90.9090909090909,12,1.5978695073235687
2017-01-01,REP_010,Sheila Stones,TERR_02,121,102,67,56,84.29752066115702,83.5820895522388,8,1.0652463382157125
2017-01-01,REP_003,Anne Wu,TERR_01,113,94,49,40,83.1858407079646,81.63265306122449,12,1.5978695073235687
2017-01-01,REP_005,Erica Jones,TERR_06,154,142,76,70,92.20779220779221,92.10526315789474,8,1.0652463382157125
2017-01-01,REP_004,Daniel Gates,TERR_04,73,51,49,34,69.86301369863014,69.38775510204081,7,0.9320905459387484
2017-01-01,REP_001,Abigail Thompson,TERR_06,124,108,67,58,87.09677419354838,86.56716417910447,9,1.1984021304926764
2017-01-01,REP_011,Stella Given,TERR_03,135,100,61,45,74.07407407407408,73.77049180327869,9,1.1984021304926764
2017-01-01,REP_012,Steve Pepple,TERR_02,100,89,53,47,89.0,88.67924528301887,9,1.1984021304926764
2017-01-01,REP_007,Jimmy Grey,TERR_04,135,119,95,84,88.14814814814815,88.42105263157895,7,0.9320905459387484
2017-01-01,REP_013,Thompson Crawford,TERR_01,82,74,51,46,90.2439024390244,90.19607843137256,9,1.1984021304926764
2017-01-01,REP_007,Jimmy Grey,TERR_07,99,92,52,48,92.92929292929293,92.3076923076923,6,0.7989347536617843
2017-01-01,REP_001,Abigail Thompson,TERR_07,183,148,93,75,80.87431693989072,80.64516129032258,5,0.6657789613848202
2017-01-01,REP_010,Sheila Stones,TERR_08,105,94,76,68,89.52380952380953,89.47368421052632,9,1.1984021304926764
2017-01-01,REP_008,Mary Gerrard,TERR_08,74,61,43,36,82.43243243243244,83.72093023255815,9,1.1984021304926764
2017-01-01,REP_003,Anne Wu,TERR_02,99,71,60,43,71.71717171717171,71.66666666666667,10,1.3315579227696404
2017-01-01,REP_013,Thompson Crawford,TERR_06,76,68,45,40,89.47368421052632,88.88888888888889,7,0.9320905459387484
2017-01-01,REP_005,Erica Jones,TERR_04,83,77,52,48,92.7710843373494,92.3076923076923,7,0.9320905459387484
2017-01-01,REP_013,Thompson Crawford,TERR_02,135,97,99,71,71.85185185185186,71.71717171717171,8,1.0652463382157125
2017-01-01,REP_001,Abigail Thompson,TERR_04,127,103,53,43,81.10236220472441,81.13207547169812,7,0.9320905459387484
2017-01-01,REP_004,Daniel Gates,TERR_07,92,77,48,40,83.69565217391305,83.33333333333334,7,0.9320905459387484
2017-01-01,REP_009,Morris Garcia,TERR_05,101,95,48,45,94.05940594059405,93.75,8,1.0652463382157125
2017-01-01,REP_011,Stella Given,TERR_02,76,72,47,44,94.73684210526315,93.61702127659575,8,1.0652463382157125
2017-01-01,REP_013,Thompson Crawford,TERR_04,132,115,112,97,87.12121212121212,86.60714285714286,8,1.0652463382157125
2017-01-01,REP_001,Abigail Thompson,TERR_02,126,116,77,71,92.06349206349206,92.20779220779221,12,1.5978695073235687
2017-01-01,REP_012,Steve Pepple,TERR_04,85,67,49,38,78.82352941176471,77.55102040816327,5,0.6657789613848202
2017-01-01,REP_003,Anne Wu,TERR_03,88,79,67,60,89.77272727272727,89.55223880597015,6,0.7989347536617843
2017-01-01,REP_005,Erica Jones,TERR_03,152,122,87,69,80.26315789473685,79.3103448275862,10,1.3315579227696404
2017-01-01,REP_009,Morris Garcia,TERR_03,143,129,73,65,90.20979020979021,89.04109589041096,4,0.5326231691078562
2017-01-01,REP_008,Mary Gerrard,TERR_06,174,142,82,67,81.60919540229885,81.70731707317073,8,1.0652463382157125
2017-01-01,REP_013,Thompson Crawford,TERR_07,104,95,56,51,91.34615384615384,91.07142857142857,8,1.0652463382157125
2017-01-01,REP_002,Alan Ray,TERR_01,133,97,66,48,72.93233082706767,72.72727272727273,4,0.5326231691078562
2017-01-01,REP_003,Anne Wu,TERR_04,119,103,86,74,86.5546218487395,86.04651162790698,4,0.5326231691078562
2017-01-01,REP_012,Steve Pepple,TERR_01,97,86,46,41,88.65979381443299,89.13043478260869,12,1.5978695073235687
2017-01-01,REP_002,Alan Ray,TERR_05,116,97,73,61,83.62068965517241,83.56164383561644,7,0.9320905459387484
2017-01-01,REP_005,Erica Jones,TERR_02,96,72,58,43,75.0,74.13793103448276,9,1.1984021304926764
2017-01-01,REP_011,Stella Given,TERR_06,65,52,57,46,80.0,80.7017543859649,7,0.9320905459387484
2017-01-01,REP_012,Steve Pepple,TERR_03,124,106,55,47,85.48387096774194,85.45454545454545,10,1.3315579227696404
2017-01-01,REP_009,Morris Garcia,TERR_04,139,106,85,64,76.2589928057554,75.29411764705883,8,1.0652463382157125
2017-01-01,REP_010,Sheila Stones,TERR_03,111,84,72,54,75.67567567567568,75.0,5,0.6657789613848202
2017-01-01,REP_002,Alan Ray,TERR_03,68,53,46,36,77.94117647058823,78.26086956521739,7,0.9320905459387484
2017-01-01,REP_012,Steve Pepple,TERR_05,140,99,61,43,70.71428571428572,70.49180327868852,7,0.9320905459387484
2017-01-01,REP_008,Mary Gerrard,TERR_02,78,56,41,29,71.7948717948718,70.73170731707317,7,0.9320905459387484
2017-01-01,REP_006,Jessica Smith,TERR_03,77,67,48,41,87.01298701298701,85.41666666666666,3,0.3994673768308922
