date,rep_id,name_of_sales_rep,territory_id,hcp_id,product_name,product_class,promotion_type,sales_before,sales_after,sales_uplift_%,promotion_impact
2017-01-01,REP_010,Sheila Stones,TERR_06,HCP_00660,Relenvice,Antimalarial,HCP Meeting,18592.664926604466,25574.32015794336,37.550589218379116,High Impact
2017-01-01,REP_008,Mary Gerrard,TERR_02,HCP_00093,Alemtuvatol Megalinum,Analgesics,Campaign,9232.697336099736,10569.916669390579,14.483517488029547,Medium Impact
2017-01-01,REP_011,Stella Given,TERR_07,HCP_00393,Aggrakine,Antiseptics,Product Presentation,22992.650633185905,29164.695232596892,26.843554046364318,High Impact
2017-01-01,REP_001,Abigail Thompson,TERR_05,HCP_00417,Interzide,Antimalarial,Educational Session,7761.870629119898,8590.099926686671,10.670485726205461,Medium Impact
2017-01-01,REP_008,Mary Gerrard,TERR_04,HCP_00647,Aquamycin Lacoran,Analgesics,Campaign,19255.865018576587,23770.564969872947,23.445843367415172,High Impact
2017-01-01,REP_001,Abigail Thompson,TERR_08,HCP_00103,Angioparin Brimosumab,Mood Stabilizers,Product Presentation,17771.301495105618,24037.69507454214,35.26130925842628,High Impact
2017-01-01,REP_008,Mary Gerrard,TERR_06,HCP_00195,Adrecetam Barazoxane,Antimalarial,Educational Session,22853.507343360936,30629.786684373215,34.02663417994493,High Impact
2017-01-01,REP_009,Morris Garcia,TERR_03,HCP_00733,Benzoprox,Antiseptics,Campaign,7135.738160063239,9299.23451496932,30.31916679643002,High Impact
2017-01-01,REP_010,Sheila Stones,TERR_01,HCP_00105,Symdocet,Antipiretics,Educational Session,1124.3405901093884,1304.4845262491963,16.02218560145387,Medium Impact
2017-01-01,REP_009,Morris Garcia,TERR_03,HCP_00485,Decidenu Galantrigine,Antipiretics,Product Demonstration,1831.5358259779994,2546.2172956370355,39.02088397738069,High Impact
2017-01-01,REP_010,Sheila Stones,TERR_03,HCP_00539,Aspinavir Silovance,Antibiotics,Campaign,14591.559716130498,17448.24495349248,19.577655116635764,Medium Impact
2017-01-01,REP_001,Abigail Thompson,TERR_05,HCP_00666,Choriotrisin,Antibiotics,HCP Meeting,11829.227771663489,15613.314760270134,31.98929855481603,High Impact
2017-01-01,REP_001,Abigail Thompson,TERR_08,HCP_00364,Menogine,Antiseptics,HCP Meeting,9090.563884202855,11437.575895958182,25.818112513722635,High Impact
2017-01-01,REP_011,Stella Given,TERR_03,HCP_00192,Alarudin Azarolac,Mood Stabilizers,Campaign,1632.346010805108,1838.0719011691938,12.603081025855378,Medium Impact
2017-01-01,REP_007,Jimmy Grey,TERR_02,HCP_00522,Aggretisol,Antimalarial,HCP Meeting,13930.216266056146,17666.54043503781,26.821724068175374,High Impact
2017-01-01,REP_006,Jessica Smith,TERR_05,HCP_00241,Lovapur,Mood Stabilizers,Educational Session,18109.330569934562,19333.069508433637,6.757505109165933,Low Impact
2017-01-01,REP_007,Jimmy Grey,TERR_02,HCP_00529,Immurenol Temarate,Antipiretics,Product Presentation,11967.747244569955,16337.08127447678,36.50924389207246,High Impact
2017-01-01,REP_002,Alan Ray,TERR_01,HCP_00378,Secrelazine Insonamic,Antipiretics,HCP Meeting,2224.0831886201045,2541.1599105107707,14.256513583351676,Medium Impact
2017-01-01,REP_001,Abigail Thompson,TERR_04,HCP_00566,Ceftatana Serolamide,Antipiretics,HCP Meeting,14518.30260048272,18758.80084770326,29.207947815328954,High Impact
2017-01-01,REP_007,Jimmy Grey,TERR_05,HCP_00236,Temasone Thiobucil,Antimalarial,HCP Meeting,1742.1025853869085,2250.6856246988305,29.193633232509626,High Impact
2017-01-01,REP_004,Daniel Gates,TERR_08,HCP_00362,Ultrimax Ultriset,Antiseptics,Educational Session,13861.091054904058,18460.07490272518,33.17908979606622,High Impact
2017-01-01,REP_008,Mary Gerrard,TERR_06,HCP_00548,Acantaine,Antibiotics,Campaign,3428.496768532784,4274.229227245309,24.667733873188215,High Impact
2017-01-01,REP_007,Jimmy Grey,TERR_03,HCP_00364,Malaxolol Aeroprosyn,Antiseptics,HCP Meeting,9715.886763746304,10949.334957041468,12.69516847291419,Medium Impact
2017-01-01,REP_013,Thompson Crawford,TERR_04,HCP_00349,Pulmodiol Adalaxime,Analgesics,HCP Meeting,2702.31995142609,2916.848747628633,7.938689720635434,Low Impact
2017-01-01,REP_009,Morris Garcia,TERR_06,HCP_00454,Tiaracil,Antipiretics,Campaign,1753.7807086470177,2271.359559971918,29.512176110329932,High Impact
2017-01-01,REP_013,Thompson Crawford,TERR_01,HCP_00219,Halcifergen Nevazone,Antimalarial,HCP Meeting,3608.9120257851027,4729.872370395085,31.060894158707658,High Impact
2017-01-01,REP_003,Anne Wu,TERR_07,HCP_00283,Zithrotrol,Antiseptics,Product Demonstration,19545.330668191735,22113.808991739894,13.141135175206458,Medium Impact
2017-01-01,REP_002,Alan Ray,TERR_07,HCP_00475,Sodinel Olofribrate,Antimalarial,Product Presentation,71400.64385260752,82139.0383603977,15.039632597651998,Medium Impact
2017-01-01,REP_010,Sheila Stones,TERR_03,HCP_00589,Alpradipine,Analgesics,HCP Meeting,870.6125507216741,1197.072854057375,37.49777131803225,High Impact
2017-01-01,REP_010,Sheila Stones,TERR_06,HCP_00476,Imiderm Vibranovate,Antipiretics,Educational Session,471.64115063367336,585.003531154595,24.035727240639115,High Impact
2017-01-01,REP_007,Jimmy Grey,TERR_08,HCP_00081,Morphizolid Tianalin,Mood Stabilizers,Product Presentation,20463.71801945212,25159.373197784585,22.946246492787537,High Impact
2017-01-01,REP_010,Sheila Stones,TERR_07,HCP_00337,Cephozumab Synmethate,Antibiotics,Product Presentation,14356.22098119723,17774.189073305188,23.808271665534928,High Impact
2017-01-01,REP_010,Sheila Stones,TERR_02,HCP_00155,Feruprazole,Mood Stabilizers,Product Demonstration,21196.76738719193,29673.554874952064,39.99094452903324,High Impact
2017-01-01,REP_009,Morris Garcia,TERR_03,HCP_00480,Sevotrana Tiafoxin,Analgesics,HCP Meeting,1452.3741776520442,1878.3827717984686,29.331876089612393,High Impact
2017-01-01,REP_001,Abigail Thompson,TERR_06,HCP_00093,Choriotrisin,Antibiotics,Campaign,5343.093165676217,6115.279464556106,14.45204631355445,Medium Impact
2017-01-01,REP_008,Mary Gerrard,TERR_04,HCP_00365,Oxymotroban Fexoformin,Analgesics,Product Demonstration,1867.7214693171438,2287.7663978323517,22.489698566712935,High Impact
2017-01-01,REP_006,Jessica Smith,TERR_07,HCP_00401,Amcibax Amcikeran,Analgesics,Educational Session,1793.4793924782016,1960.6536434248374,9.321225080575761,Low Impact
2017-01-01,REP_007,Jimmy Grey,TERR_04,HCP_00545,Trazozaprine,Mood Stabilizers,HCP Meeting,3200.8801294600084,3584.8434374730227,11.995554112730527,Medium Impact
2017-01-01,REP_002,Alan Ray,TERR_04,HCP_00504,Halciramine,Antimalarial,Educational Session,908.6925411303463,1177.3018490367292,29.559977192313333,High Impact
2017-01-01,REP_009,Morris Garcia,TERR_01,HCP_00608,Alimmethate Insudase,Analgesics,Campaign,30878.8067334035,37595.08017291356,21.750430635147072,High Impact
2017-01-01,REP_004,Daniel Gates,TERR_03,HCP_00302,Dexacilin Triline,Analgesics,Product Presentation,19820.218847748398,25963.609751090575,30.995575530893156,High Impact
2017-01-01,REP_007,Jimmy Grey,TERR_04,HCP_00491,Exexone,Mood Stabilizers,Educational Session,402.51275039408563,424.67700411273967,5.506472452600276,Low Impact
2017-01-01,REP_011,Stella Given,TERR_01,HCP_00393,Zonitonin,Antiseptics,Product Demonstration,544.8339950300177,618.4141910676733,13.505066994507503,Medium Impact
2017-01-01,REP_011,Stella Given,TERR_07,HCP_00310,Lansostral Acgestin,Antiseptics,Educational Session,3615.0077752502075,4699.58926344816,30.002189639077166,High Impact
2017-01-01,REP_010,Sheila Stones,TERR_07,HCP_00179,Abranatal Lysoprosate,Antiseptics,HCP Meeting,2294.8246662706065,2928.232647214273,27.601585003574073,High Impact
2017-01-01,REP_003,Anne Wu,TERR_01,HCP_00503,Abobozolid,Antimalarial,Product Demonstration,6288.791447578431,8497.756685153077,35.12543317723207,High Impact
2017-01-01,REP_010,Sheila Stones,TERR_08,HCP_00044,Malavirine Alimdine,Mood Stabilizers,Educational Session,5176.497376453698,6619.562144253226,27.877243295120515,High Impact
2017-01-01,REP_009,Morris Garcia,TERR_06,HCP_00541,Afretosine,Mood Stabilizers,Campaign,12063.241538740776,13754.262658848607,14.017966188251817,Medium Impact
2017-01-01,REP_010,Sheila Stones,TERR_07,HCP_00078,Spiroderall,Mood Stabilizers,Product Demonstration,5231.2020981625665,6526.0225880058015,24.75187281137607,High Impact
2017-01-01,REP_005,Erica Jones,TERR_07,HCP_00145,Aciprex,Antipiretics,Product Demonstration,18909.449225776978,23934.971482242156,26.576777548943557,High Impact
